case,cores,status,no_l2_makespan,cache_makespan,l2_relative_speedup,no_l2_added_copy_bytes,cache_added_copy_bytes,cache_partition_added_copy_bytes,cache_spill_added_copy_bytes,no_l2_cache_hit_rate,cache_hit_rate,cache_hit_bytes,cache_miss_bytes,cache_hits,cache_misses,official_evals,solver_seconds,plan_file,result_file
case_001,1,scored,233110,233110,1.000000000,0,0,0,0,,0.000000000,0,820352,0,201,1,0.362,results_problem3_v2_final/case_001_1cores/best_plan.json,results_problem3_v2_final/case_001_1cores/best_result.json.gz
case_001,2,scored,116868,116868,1.000000000,1152,1152,1152,0,,0.000000000,0,821504,0,202,6,0.381,results_problem3_v2_final/case_001_2cores/best_plan.json,results_problem3_v2_final/case_001_2cores/best_result.json.gz
case_001,3,scored,78545,78545,1.000000000,2304,2304,2304,0,,0.000000000,0,822656,0,203,8,0.381,results_problem3_v2_final/case_001_3cores/best_plan.json,results_problem3_v2_final/case_001_3cores/best_result.json.gz
case_001,4,scored,58984,58984,1.000000000,3456,3456,3456,0,,0.000000000,0,823808,0,204,8,0.379,results_problem3_v2_final/case_001_4cores/best_plan.json,results_problem3_v2_final/case_001_4cores/best_result.json.gz
case_001,5,scored,47502,47502,1.000000000,4608,4608,4608,0,,0.000000000,0,824960,0,205,8,0.380,results_problem3_v2_final/case_001_5cores/best_plan.json,results_problem3_v2_final/case_001_5cores/best_result.json.gz
case_002,1,scored,261945,261945,1.000000000,0,0,0,0,,0.000000000,0,1222656,0,398,1,0.999,results_problem3_v2_final/case_002_1cores/best_plan.json,results_problem3_v2_final/case_002_1cores/best_result.json.gz
case_002,2,scored,132664,132664,1.000000000,273408,273408,273408,0,,0.000000000,0,1359360,0,487,12,7.790,results_problem3_v2_final/case_002_2cores/best_plan.json,results_problem3_v2_final/case_002_2cores/best_result.json.gz
case_002,3,scored,89603,88871,1.008236658,331776,334848,334848,0,,0.000000000,0,1390080,0,507,12,7.662,results_problem3_v2_final/case_002_3cores/best_plan.json,results_problem3_v2_final/case_002_3cores/best_result.json.gz
case_002,4,scored,68778,67470,1.019386394,384000,384000,384000,0,,0.000000000,0,1414656,0,523,12,7.519,results_problem3_v2_final/case_002_4cores/best_plan.json,results_problem3_v2_final/case_002_4cores/best_result.json.gz
case_002,5,scored,54733,54733,1.000000000,150528,122880,122880,0,,0.000000000,0,1284096,0,438,12,7.064,results_problem3_v2_final/case_002_5cores/best_plan.json,results_problem3_v2_final/case_002_5cores/best_result.json.gz
case_003,1,scored,602212,602212,1.000000000,0,0,0,0,,0.000000000,0,1284230,0,198,1,1.389,results_problem3_v2_final/case_003_1cores/best_plan.json,results_problem3_v2_final/case_003_1cores/best_result.json.gz
case_003,2,scored,314359,312318,1.006535006,1432334,1340362,1340362,0,,0.211832690,466950,1737384,68,667,12,52.770,results_problem3_v2_final/case_003_2cores/best_plan.json,results_problem3_v2_final/case_003_2cores/best_result.json.gz
case_003,3,scored,213477,212524,1.004484199,2286872,2286872,2286872,0,,0.311427748,916492,2026380,278,761,12,53.305,results_problem3_v2_final/case_003_3cores/best_plan.json,results_problem3_v2_final/case_003_3cores/best_result.json.gz
case_003,4,scored,178372,170789,1.044399815,3378264,3378264,3378264,0,,0.424392547,1576592,2138346,598,794,12,54.732,results_problem3_v2_final/case_003_4cores/best_plan.json,results_problem3_v2_final/case_003_4cores/best_result.json.gz
case_003,5,scored,142562,135891,1.049090815,4613028,4514724,4514724,0,,0.513441359,2311704,2190668,808,967,12,52.959,results_problem3_v2_final/case_003_5cores/best_plan.json,results_problem3_v2_final/case_003_5cores/best_result.json.gz
case_004,1,scored,392357,392357,1.000000000,0,0,0,0,,0.000000000,0,451584,0,114,1,3.429,results_problem3_v2_final/case_004_1cores/best_plan.json,results_problem3_v2_final/case_004_1cores/best_result.json.gz
case_004,2,scored,199074,199074,1.000000000,110592,110592,110592,0,,0.000000000,0,562176,0,117,6,2.585,results_problem3_v2_final/case_004_2cores/best_plan.json,results_problem3_v2_final/case_004_2cores/best_result.json.gz
case_004,3,scored,134043,134043,1.000000000,221184,221184,221184,0,,0.000000000,0,672768,0,120,8,0.146,results_problem3_v2_final/case_004_3cores/best_plan.json,results_problem3_v2_final/case_004_3cores/best_result.json.gz
case_004,4,scored,104188,104188,1.000000000,331776,331776,331776,0,,0.000000000,0,783360,0,123,10,1.492,results_problem3_v2_final/case_004_4cores/best_plan.json,results_problem3_v2_final/case_004_4cores/best_result.json.gz
case_004,5,scored,88341,88341,1.000000000,442368,442368,442368,0,,0.000000000,0,893952,0,126,10,1.590,results_problem3_v2_final/case_004_5cores/best_plan.json,results_problem3_v2_final/case_004_5cores/best_result.json.gz
case_005,1,scored,95618,95618,1.000000000,0,0,0,0,,0.000000000,0,318822,0,89,1,0.382,results_problem3_v2_final/case_005_1cores/best_plan.json,results_problem3_v2_final/case_005_1cores/best_result.json.gz
case_005,2,scored,50595,50595,1.000000000,490118,490118,490118,0,,0.118913242,74502,552022,30,309,12,11.651,results_problem3_v2_final/case_005_2cores/best_plan.json,results_problem3_v2_final/case_005_2cores/best_result.json.gz
case_005,3,scored,37033,36409,1.017138620,813578,813578,813578,0,,0.409721093,362790,522666,150,312,12,10.603,results_problem3_v2_final/case_005_3cores/best_plan.json,results_problem3_v2_final/case_005_3cores/best_result.json.gz
case_005,4,scored,31896,30360,1.050592885,1187408,1211728,1211728,0,,0.331656571,381614,769016,220,419,12,11.746,results_problem3_v2_final/case_005_4cores/best_plan.json,results_problem3_v2_final/case_005_4cores/best_result.json.gz
case_005,5,scored,32002,27941,1.145341971,1405080,1416726,1416726,0,,0.309851974,397462,885286,282,442,12,12.224,results_problem3_v2_final/case_005_5cores/best_plan.json,results_problem3_v2_final/case_005_5cores/best_result.json.gz
case_006,1,scored,82837,82837,1.000000000,16400,16400,0,16400,,0.029275126,16384,543272,9,135,1,0.096,results_problem3_v2_final/case_006_1cores/best_plan.json,results_problem3_v2_final/case_006_1cores/best_result.json.gz
case_006,2,scored,38939,38939,1.000000000,150472,150472,150472,0,,0.216808419,150400,543300,25,149,12,2.395,results_problem3_v2_final/case_006_2cores/best_plan.json,results_problem3_v2_final/case_006_2cores/best_result.json.gz
case_006,3,scored,26530,26504,1.000980984,352612,352612,352612,0,,0.393516152,352522,543304,55,151,12,3.292,results_problem3_v2_final/case_006_3cores/best_plan.json,results_problem3_v2_final/case_006_3cores/best_result.json.gz
case_006,4,scored,21219,20792,1.020536745,317704,334068,334068,0,,0.380681520,333962,543312,53,155,12,4.238,results_problem3_v2_final/case_006_4cores/best_plan.json,results_problem3_v2_final/case_006_4cores/best_result.json.gz
case_006,5,scored,19260,17666,1.090229820,422428,422428,422428,0,,0.363912537,349070,610144,48,177,12,3.943,results_problem3_v2_final/case_006_5cores/best_plan.json,results_problem3_v2_final/case_006_5cores/best_result.json.gz
case_007,1,scored,1012562,1012562,1.000000000,0,0,0,0,,0.000000000,0,880128,0,558,1,1.061,results_problem3_v2_final/case_007_1cores/best_plan.json,results_problem3_v2_final/case_007_1cores/best_result.json.gz
case_007,2,scored,507494,507494,1.000000000,27648,27648,27648,0,,0.000000000,0,907776,0,561,6,2.510,results_problem3_v2_final/case_007_2cores/best_plan.json,results_problem3_v2_final/case_007_2cores/best_result.json.gz
case_007,3,scored,338094,338094,1.000000000,55296,55296,55296,0,,0.000000000,0,935424,0,564,8,1.951,results_problem3_v2_final/case_007_3cores/best_plan.json,results_problem3_v2_final/case_007_3cores/best_result.json.gz
case_007,4,scored,254398,254398,1.000000000,82944,82944,82944,0,,0.000000000,0,963072,0,567,8,2.322,results_problem3_v2_final/case_007_4cores/best_plan.json,results_problem3_v2_final/case_007_4cores/best_result.json.gz
case_007,5,scored,203834,203834,1.000000000,110592,110592,110592,0,,0.000000000,0,990720,0,570,8,2.313,results_problem3_v2_final/case_007_5cores/best_plan.json,results_problem3_v2_final/case_007_5cores/best_result.json.gz
case_008,1,scored,487605,487605,1.000000000,0,0,0,0,,0.000000000,0,1990872,0,432,1,1.245,results_problem3_v2_final/case_008_1cores/best_plan.json,results_problem3_v2_final/case_008_1cores/best_result.json.gz
case_008,2,scored,244266,244266,1.000000000,0,0,0,0,,0.000000000,0,1990872,0,432,6,1.289,results_problem3_v2_final/case_008_2cores/best_plan.json,results_problem3_v2_final/case_008_2cores/best_result.json.gz
case_008,3,scored,163359,163359,1.000000000,0,0,0,0,,0.000000000,0,1990872,0,432,8,1.286,results_problem3_v2_final/case_008_3cores/best_plan.json,results_problem3_v2_final/case_008_3cores/best_result.json.gz
case_008,4,scored,123060,123060,1.000000000,0,0,0,0,,0.000000000,0,1990872,0,432,8,1.886,results_problem3_v2_final/case_008_4cores/best_plan.json,results_problem3_v2_final/case_008_4cores/best_result.json.gz
case_008,5,scored,100603,100603,1.000000000,0,0,0,0,,0.000000000,0,1990872,0,432,10,4.326,results_problem3_v2_final/case_008_5cores/best_plan.json,results_problem3_v2_final/case_008_5cores/best_result.json.gz
case_009,1,scored,153261,153261,1.000000000,0,0,0,0,,0.000000000,0,495194,0,318,1,3.500,results_problem3_v2_final/case_009_1cores/best_plan.json,results_problem3_v2_final/case_009_1cores/best_result.json.gz
case_009,2,scored,81040,81008,1.000395023,379766,379766,379766,0,,0.216185949,167174,606114,98,667,12,20.876,results_problem3_v2_final/case_009_2cores/best_plan.json,results_problem3_v2_final/case_009_2cores/best_result.json.gz
case_009,3,scored,56020,55873,1.002630967,524498,524498,524498,0,,0.306251526,270866,613590,228,692,12,17.895,results_problem3_v2_final/case_009_3cores/best_plan.json,results_problem3_v2_final/case_009_3cores/best_result.json.gz
case_009,4,scored,43280,42733,1.012800412,686002,686002,686002,0,,0.354141947,356968,651012,315,783,12,17.966,results_problem3_v2_final/case_009_4cores/best_plan.json,results_problem3_v2_final/case_009_4cores/best_result.json.gz
case_009,5,scored,36606,36062,1.015085131,740232,740232,740232,0,,0.419097156,437032,605762,457,686,12,17.535,results_problem3_v2_final/case_009_5cores/best_plan.json,results_problem3_v2_final/case_009_5cores/best_result.json.gz
case_010,1,scored,86969,86969,1.000000000,0,0,0,0,,0.000000000,0,384078,0,93,1,0.607,results_problem3_v2_final/case_010_1cores/best_plan.json,results_problem3_v2_final/case_010_1cores/best_result.json.gz
case_010,2,scored,43413,43413,1.000000000,259252,259252,259252,0,,0.389460880,248448,389480,23,108,12,2.151,results_problem3_v2_final/case_010_2cores/best_plan.json,results_problem3_v2_final/case_010_2cores/best_result.json.gz
case_010,3,scored,29785,29061,1.024913114,263364,263364,263364,0,,0.390551157,252546,394094,29,111,12,2.167,results_problem3_v2_final/case_010_3cores/best_plan.json,results_problem3_v2_final/case_010_3cores/best_result.json.gz
case_010,4,scored,23588,23574,1.000593875,362832,362832,362832,0,,0.411282929,295172,422514,41,120,12,2.172,results_problem3_v2_final/case_010_4cores/best_plan.json,results_problem3_v2_final/case_010_4cores/best_result.json.gz
case_010,5,scored,20917,20796,1.005818427,330976,348260,348260,0,,0.393898810,280582,431738,45,124,12,1.962,results_problem3_v2_final/case_010_5cores/best_plan.json,results_problem3_v2_final/case_010_5cores/best_result.json.gz
case_011,1,scored,184697,184697,1.000000000,0,0,0,0,,0.000000000,0,540672,0,176,1,0.291,results_problem3_v2_final/case_011_1cores/best_plan.json,results_problem3_v2_final/case_011_1cores/best_result.json.gz
case_011,2,scored,92646,92646,1.000000000,180224,180224,180224,0,,0.000000000,0,720896,0,264,6,0.171,results_problem3_v2_final/case_011_2cores/best_plan.json,results_problem3_v2_final/case_011_2cores/best_result.json.gz
case_011,3,scored,62358,62358,1.000000000,888832,888832,888832,0,,0.525373134,720896,651264,247,216,12,3.561,results_problem3_v2_final/case_011_3cores/best_plan.json,results_problem3_v2_final/case_011_3cores/best_result.json.gz
case_011,4,scored,46880,46880,1.000000000,540672,540672,540672,0,,0.000000000,0,1081344,0,440,12,2.953,results_problem3_v2_final/case_011_4cores/best_plan.json,results_problem3_v2_final/case_011_4cores/best_result.json.gz
case_011,5,scored,39706,38015,1.044482441,1071104,1927168,1927168,0,,0.507650765,1155072,1120256,407,322,12,3.650,results_problem3_v2_final/case_011_5cores/best_plan.json,results_problem3_v2_final/case_011_5cores/best_result.json.gz
case_012,1,scored,59088,59088,1.000000000,0,0,0,0,,0.000000000,0,484096,0,251,1,0.665,results_problem3_v2_final/case_012_1cores/best_plan.json,results_problem3_v2_final/case_012_1cores/best_result.json.gz
case_012,2,scored,25755,24883,1.035044006,60120,60120,60120,0,,0.088852544,47808,490252,22,260,12,3.671,results_problem3_v2_final/case_012_2cores/best_plan.json,results_problem3_v2_final/case_012_2cores/best_result.json.gz
case_012,3,scored,17981,17653,1.018580411,124336,124336,124336,0,,0.154601840,91528,500496,52,267,12,4.658,results_problem3_v2_final/case_012_3cores/best_plan.json,results_problem3_v2_final/case_012_3cores/best_result.json.gz
case_012,4,scored,15055,14496,1.038562362,117738,117412,117412,0,,0.118267194,68230,508684,37,269,12,4.519,results_problem3_v2_final/case_012_4cores/best_plan.json,results_problem3_v2_final/case_012_4cores/best_result.json.gz
case_012,5,scored,12960,12132,1.068249258,118056,118056,118056,0,,0.115993756,67468,514184,47,269,12,5.151,results_problem3_v2_final/case_012_5cores/best_plan.json,results_problem3_v2_final/case_012_5cores/best_result.json.gz
case_013,1,scored,263949,263949,1.000000000,0,0,0,0,,0.000000000,0,2023424,0,988,1,1.255,results_problem3_v2_final/case_013_1cores/best_plan.json,results_problem3_v2_final/case_013_1cores/best_result.json.gz
case_013,2,scored,132198,132198,1.000000000,8192,8192,8192,0,,0.000000000,0,2031616,0,992,6,1.434,results_problem3_v2_final/case_013_2cores/best_plan.json,results_problem3_v2_final/case_013_2cores/best_result.json.gz
case_013,3,scored,88351,88351,1.000000000,16384,16384,16384,0,,0.000000000,0,2039808,0,996,8,2.160,results_problem3_v2_final/case_013_3cores/best_plan.json,results_problem3_v2_final/case_013_3cores/best_result.json.gz
case_013,4,scored,66982,66982,1.000000000,24576,24576,24576,0,,0.000000000,0,2048000,0,1000,8,2.939,results_problem3_v2_final/case_013_4cores/best_plan.json,results_problem3_v2_final/case_013_4cores/best_result.json.gz
case_013,5,scored,54363,54363,1.000000000,32768,32768,32768,0,,0.000000000,0,2056192,0,1004,8,4.525,results_problem3_v2_final/case_013_5cores/best_plan.json,results_problem3_v2_final/case_013_5cores/best_result.json.gz
case_014,1,scored,17698626,17689602,1.000510130,71010720,71010720,0,71010720,,0.122910255,9944064,70961016,1801,11987,1,28.810,results_problem3_v2_final/case_014_1cores/best_plan.json,results_problem3_v2_final/case_014_1cores/best_result.json.gz
case_014,2,scored,8897730,8888616,1.001025356,71757240,71757240,9893208,61864032,,0.228080414,18627072,63041808,3666,10488,1,28.690,results_problem3_v2_final/case_014_2cores/best_plan.json,results_problem3_v2_final/case_014_2cores/best_result.json.gz
case_014,3,scored,5985661,5978462,1.001204156,77714952,77714952,18109104,59605848,,0.281707361,24685056,62941536,4711,10246,1,28.821,results_problem3_v2_final/case_014_3cores/best_plan.json,results_problem3_v2_final/case_014_3cores/best_result.json.gz
case_014,4,scored,4518611,4503996,1.003244896,82627992,82627992,29679624,52948368,,0.153171613,14090688,77902128,2792,13414,1,29.945,results_problem3_v2_final/case_014_4cores/best_plan.json,results_problem3_v2_final/case_014_4cores/best_result.json.gz
case_014,5,scored,3665309,3649717,1.004272112,88238376,88238376,36425568,51812808,,0.290882398,28550112,69599904,5526,11462,1,28.512,results_problem3_v2_final/case_014_5cores/best_plan.json,results_problem3_v2_final/case_014_5cores/best_result.json.gz
case_015,1,scored,177362,177362,1.000000000,180256,180256,0,180256,,0.169268598,180224,884498,22,219,1,0.513,results_problem3_v2_final/case_015_1cores/best_plan.json,results_problem3_v2_final/case_015_1cores/best_result.json.gz
case_015,2,scored,85778,83464,1.027724528,858484,504212,405900,98312,,0.294115210,397572,954184,50,250,12,3.883,results_problem3_v2_final/case_015_2cores/best_plan.json,results_problem3_v2_final/case_015_2cores/best_result.json.gz
case_015,3,scored,58187,56817,1.024112502,872116,966312,966312,0,,0.400941330,686600,1025870,74,262,12,4.375,results_problem3_v2_final/case_015_3cores/best_plan.json,results_problem3_v2_final/case_015_3cores/best_result.json.gz
case_015,4,scored,46050,43270,1.064247747,987108,1121236,1121236,0,,0.378283869,697100,1145696,89,275,12,4.951,results_problem3_v2_final/case_015_4cores/best_plan.json,results_problem3_v2_final/case_015_4cores/best_result.json.gz
case_015,5,scored,40816,39127,1.043167122,336384,1438988,1438988,0,,0.491465540,1055782,1092450,135,275,12,4.968,results_problem3_v2_final/case_015_5cores/best_plan.json,results_problem3_v2_final/case_015_5cores/best_result.json.gz
case_016,1,scored,7715523,7715523,1.000000000,0,0,0,0,,0.000000000,0,393216,0,12,1,1.144,results_problem3_v2_final/case_016_1cores/best_plan.json,results_problem3_v2_final/case_016_1cores/best_result.json.gz
case_016,2,scored,4661234,4659199,1.000436770,400528,400528,400528,0,,0.497686334,393216,396872,12,1840,5,1.557,results_problem3_v2_final/case_016_2cores/best_plan.json,results_problem3_v2_final/case_016_2cores/best_result.json.gz
case_016,3,scored,3875557,3871360,1.001084115,402984,402992,402992,0,,0.497679826,393824,397496,316,2152,5,4.771,results_problem3_v2_final/case_016_3cores/best_plan.json,results_problem3_v2_final/case_016_3cores/best_result.json.gz
case_016,4,scored,3380175,3378874,1.000385040,373848,439384,439384,0,,0.517253905,427200,398700,621,2754,5,5.717,results_problem3_v2_final/case_016_4cores/best_plan.json,results_problem3_v2_final/case_016_4cores/best_result.json.gz
case_016,5,scored,2087323,2086359,1.000462049,214900,214900,214900,0,,0.331288712,198432,400538,918,3673,5,6.839,results_problem3_v2_final/case_016_5cores/best_plan.json,results_problem3_v2_final/case_016_5cores/best_result.json.gz
case_017,1,scored,162810,162810,1.000000000,22528,22528,0,22528,,0.040398389,22528,535118,11,257,1,0.762,results_problem3_v2_final/case_017_1cores/best_plan.json,results_problem3_v2_final/case_017_1cores/best_result.json.gz
case_017,2,scored,77061,77061,1.000000000,87552,87552,87552,0,,0.061669905,38400,584270,6,259,12,5.081,results_problem3_v2_final/case_017_2cores/best_plan.json,results_problem3_v2_final/case_017_2cores/best_result.json.gz
case_017,3,scored,49107,48509,1.012327609,314432,314432,314432,0,,0.170544013,138244,672362,42,281,12,5.735,results_problem3_v2_final/case_017_3cores/best_plan.json,results_problem3_v2_final/case_017_3cores/best_result.json.gz
case_017,4,scored,38524,37908,1.016249868,500624,500624,500624,0,,0.130566013,121728,810582,29,281,12,6.411,results_problem3_v2_final/case_017_4cores/best_plan.json,results_problem3_v2_final/case_017_4cores/best_result.json.gz
case_017,5,scored,32877,31310,1.050047908,724872,696160,696160,0,,0.224312090,248846,860528,75,299,12,6.242,results_problem3_v2_final/case_017_5cores/best_plan.json,results_problem3_v2_final/case_017_5cores/best_result.json.gz
case_018,1,scored,1004367,1003110,1.001253103,1970176,1970176,0,1970176,,0.343750316,1224704,2338068,225,549,1,0.484,results_problem3_v2_final/case_018_1cores/best_plan.json,results_problem3_v2_final/case_018_1cores/best_result.json.gz
case_018,2,scored,500068,499531,1.001075008,6304768,6304768,4166656,2138112,,0.260069063,1426432,4058388,263,1030,12,15.814,results_problem3_v2_final/case_018_2cores/best_plan.json,results_problem3_v2_final/case_018_2cores/best_result.json.gz
case_018,3,scored,335187,334741,1.001332373,7473152,7473152,6801408,671744,,0.376545645,2500608,4140308,445,1047,12,19.115,results_problem3_v2_final/case_018_3cores/best_plan.json,results_problem3_v2_final/case_018_3cores/best_result.json.gz
case_018,4,scored,257954,251490,1.025702811,8522240,8678528,8449152,229376,,0.471858690,3715840,4159060,654,1055,12,20.055,results_problem3_v2_final/case_018_4cores/best_plan.json,results_problem3_v2_final/case_018_4cores/best_result.json.gz
case_018,5,scored,208026,200049,1.039875231,4993032,5017608,4599816,417792,,0.549008502,3629056,2981144,621,656,11,10.192,results_problem3_v2_final/case_018_5cores/best_plan.json,results_problem3_v2_final/case_018_5cores/best_result.json.gz
case_019,1,scored,81144,81144,1.000000000,0,0,0,0,,0.000000000,0,179252,0,88,1,0.068,results_problem3_v2_final/case_019_1cores/best_plan.json,results_problem3_v2_final/case_019_1cores/best_result.json.gz
case_019,2,scored,39408,39408,1.000000000,30244,30244,30244,0,,0.130641764,27168,180790,4,90,12,3.563,results_problem3_v2_final/case_019_2cores/best_plan.json,results_problem3_v2_final/case_019_2cores/best_result.json.gz
case_019,3,scored,27240,27016,1.008291383,74824,74824,74824,0,,0.155648151,37952,205880,6,98,12,4.584,results_problem3_v2_final/case_019_3cores/best_plan.json,results_problem3_v2_final/case_019_3cores/best_result.json.gz
case_019,4,scored,20966,20556,1.019945515,224616,224616,224616,0,,0.171308890,56928,275384,9,115,12,4.139,results_problem3_v2_final/case_019_4cores/best_plan.json,results_problem3_v2_final/case_019_4cores/best_result.json.gz
case_019,5,scored,15947,15947,1.000000000,207492,207492,207492,0,,0.258720304,84096,240950,13,108,12,4.820,results_problem3_v2_final/case_019_5cores/best_plan.json,results_problem3_v2_final/case_019_5cores/best_result.json.gz
case_020,1,scored,532746,532746,1.000000000,0,0,0,0,,0.000000000,0,1179648,0,288,1,0.534,results_problem3_v2_final/case_020_1cores/best_plan.json,results_problem3_v2_final/case_020_1cores/best_result.json.gz
case_020,2,scored,266580,266580,1.000000000,0,0,0,0,,0.000000000,0,1179648,0,288,6,3.534,results_problem3_v2_final/case_020_2cores/best_plan.json,results_problem3_v2_final/case_020_2cores/best_result.json.gz
case_020,3,scored,177950,177950,1.000000000,0,0,0,0,,0.000000000,0,1179648,0,288,8,3.910,results_problem3_v2_final/case_020_3cores/best_plan.json,results_problem3_v2_final/case_020_3cores/best_result.json.gz
case_020,4,scored,133704,133704,1.000000000,0,0,0,0,,0.000000000,0,1179648,0,288,8,4.113,results_problem3_v2_final/case_020_4cores/best_plan.json,results_problem3_v2_final/case_020_4cores/best_result.json.gz
case_020,5,scored,107650,107650,1.000000000,0,0,0,0,,0.000000000,0,1179648,0,288,8,4.467,results_problem3_v2_final/case_020_5cores/best_plan.json,results_problem3_v2_final/case_020_5cores/best_result.json.gz
case_021,1,scored,6567937,6558837,1.001387441,4501504,4501504,0,4501504,,0.500597372,3432448,3424256,838,711,1,3.563,results_problem3_v2_final/case_021_1cores/best_plan.json,results_problem3_v2_final/case_021_1cores/best_result.json.gz
case_021,2,scored,3193640,3147098,1.014788863,4091904,5115904,1536000,3579904,,0.280590717,1634304,4190208,266,622,12,12.083,results_problem3_v2_final/case_021_2cores/best_plan.json,results_problem3_v2_final/case_021_2cores/best_result.json.gz
case_021,3,scored,2119546,2119160,1.000182148,8863744,8863744,6774784,2088960,,0.557684121,5365760,4255744,1066,648,12,13.461,results_problem3_v2_final/case_021_3cores/best_plan.json,results_problem3_v2_final/case_021_3cores/best_result.json.gz
case_021,4,scored,1552593,1550324,1.001463565,5591040,5591040,5591040,0,,0.301898734,1953792,4517888,318,682,12,12.992,results_problem3_v2_final/case_021_4cores/best_plan.json,results_problem3_v2_final/case_021_4cores/best_result.json.gz
case_021,5,scored,1249670,1241164,1.006853244,11030528,7526400,7526400,0,,0.539689119,5332992,4548608,950,850,12,13.776,results_problem3_v2_final/case_021_5cores/best_plan.json,results_problem3_v2_final/case_021_5cores/best_result.json.gz
case_022,1,scored,56780,56780,1.000000000,0,0,0,0,,0.000000000,0,213540,0,138,1,0.723,results_problem3_v2_final/case_022_1cores/best_plan.json,results_problem3_v2_final/case_022_1cores/best_result.json.gz
case_022,2,scored,28318,28285,1.001166696,37648,37648,37648,0,,0.149820846,37632,213548,18,142,12,4.463,results_problem3_v2_final/case_022_2cores/best_plan.json,results_problem3_v2_final/case_022_2cores/best_result.json.gz
case_022,3,scored,18899,18848,1.002705857,23064,23064,23064,0,,0.097399743,23044,213548,17,142,12,4.165,results_problem3_v2_final/case_022_3cores/best_plan.json,results_problem3_v2_final/case_022_3cores/best_result.json.gz
case_022,4,scored,14372,14372,1.000000000,49968,49968,49968,0,,0.189476401,49924,213560,32,148,12,4.733,results_problem3_v2_final/case_022_4cores/best_plan.json,results_problem3_v2_final/case_022_4cores/best_result.json.gz
case_022,5,scored,11525,11476,1.004269780,20736,20736,20736,0,,0.088510987,20736,213540,9,138,12,4.926,results_problem3_v2_final/case_022_5cores/best_plan.json,results_problem3_v2_final/case_022_5cores/best_result.json.gz
case_023,1,scored,122614,122614,1.000000000,0,0,0,0,,0.000000000,0,434122,0,134,1,0.179,results_problem3_v2_final/case_023_1cores/best_plan.json,results_problem3_v2_final/case_023_1cores/best_result.json.gz
case_023,2,scored,59738,59594,1.002416351,131360,148908,148908,0,,0.161392667,93600,486352,12,140,12,3.738,results_problem3_v2_final/case_023_2cores/best_plan.json,results_problem3_v2_final/case_023_2cores/best_result.json.gz
case_023,3,scored,40728,40676,1.001278395,228948,228948,228948,0,,0.089868454,58944,596948,12,148,12,4.863,results_problem3_v2_final/case_023_3cores/best_plan.json,results_problem3_v2_final/case_023_3cores/best_result.json.gz
case_023,4,scored,32086,32086,1.000000000,331480,331480,331480,0,,0.035162567,26308,721874,15,154,12,6.316,results_problem3_v2_final/case_023_4cores/best_plan.json,results_problem3_v2_final/case_023_4cores/best_result.json.gz
case_023,5,scored,25352,24770,1.023496165,355680,355680,355680,0,,0.127886866,100416,684778,7,147,12,5.679,results_problem3_v2_final/case_023_5cores/best_plan.json,results_problem3_v2_final/case_023_5cores/best_result.json.gz
case_024,1,scored,2555343,2555343,1.000000000,0,0,0,0,,0.000000000,0,393216,0,12,1,2.035,results_problem3_v2_final/case_024_1cores/best_plan.json,results_problem3_v2_final/case_024_1cores/best_result.json.gz
case_024,2,scored,1546201,1543307,1.001875194,396024,396032,396032,0,,0.499106418,393216,394624,12,716,12,22.371,results_problem3_v2_final/case_024_2cores/best_plan.json,results_problem3_v2_final/case_024_2cores/best_result.json.gz
case_024,3,scored,1280881,1276684,1.003287423,396456,396464,396464,0,,0.499223405,393416,394640,112,724,12,26.600,results_problem3_v2_final/case_024_3cores/best_plan.json,results_problem3_v2_final/case_024_3cores/best_result.json.gz
case_024,4,scored,1120991,1116704,1.003838976,495932,528708,528708,0,,0.570490392,524688,395026,216,917,9,8.510,results_problem3_v2_final/case_024_4cores/best_plan.json,results_problem3_v2_final/case_024_4cores/best_result.json.gz
case_024,5,scored,865249,861730,1.004083646,332512,332524,332524,0,,0.453852939,328280,395038,310,923,8,2.416,results_problem3_v2_final/case_024_5cores/best_plan.json,results_problem3_v2_final/case_024_5cores/best_result.json.gz
case_025,1,scored,4863026,4863026,1.000000000,0,0,0,0,,0.000000000,0,4122624,0,2669,1,3.013,results_problem3_v2_final/case_025_1cores/best_plan.json,results_problem3_v2_final/case_025_1cores/best_result.json.gz
case_025,2,scored,2431840,2431840,1.000000000,27648,27648,27648,0,,0.000000000,0,4150272,0,2672,1,2.439,results_problem3_v2_final/case_025_2cores/best_plan.json,results_problem3_v2_final/case_025_2cores/best_result.json.gz
case_025,3,scored,1622164,1622164,1.000000000,55296,55296,55296,0,,0.000000000,0,4177920,0,2675,1,3.084,results_problem3_v2_final/case_025_3cores/best_plan.json,results_problem3_v2_final/case_025_3cores/best_result.json.gz
case_025,4,scored,1217444,1217444,1.000000000,82944,82944,82944,0,,0.000000000,0,4205568,0,2678,1,3.331,results_problem3_v2_final/case_025_4cores/best_plan.json,results_problem3_v2_final/case_025_4cores/best_result.json.gz
case_025,5,scored,975282,975282,1.000000000,110592,110592,110592,0,,0.000000000,0,4233216,0,2681,1,2.860,results_problem3_v2_final/case_025_5cores/best_plan.json,results_problem3_v2_final/case_025_5cores/best_result.json.gz
case_026,1,scored,99203,99203,1.000000000,0,0,0,0,,0.000000000,0,488886,0,102,1,0.390,results_problem3_v2_final/case_026_1cores/best_plan.json,results_problem3_v2_final/case_026_1cores/best_result.json.gz
case_026,2,scored,49119,47477,1.034585168,169436,169436,169436,0,,0.257317333,169392,488908,18,113,12,3.193,results_problem3_v2_final/case_026_2cores/best_plan.json,results_problem3_v2_final/case_026_2cores/best_result.json.gz
case_026,3,scored,36255,35169,1.030879468,484280,612992,612992,0,,0.430399081,436200,577278,48,155,12,4.052,results_problem3_v2_final/case_026_3cores/best_plan.json,results_problem3_v2_final/case_026_3cores/best_result.json.gz
case_026,4,scored,25758,25618,1.005464907,471672,471672,471672,0,,0.313543749,288348,631294,39,153,12,3.589,results_problem3_v2_final/case_026_4cores/best_plan.json,results_problem3_v2_final/case_026_4cores/best_result.json.gz
case_026,5,scored,23572,22583,1.043794004,517176,517176,517176,0,,0.306877846,281604,636038,45,164,12,4.253,results_problem3_v2_final/case_026_5cores/best_plan.json,results_problem3_v2_final/case_026_5cores/best_result.json.gz
case_027,1,scored,2363952,2359515,1.001880471,1400832,1400832,0,1400832,,0.268939394,872448,2371584,213,489,1,0.414,results_problem3_v2_final/case_027_1cores/best_plan.json,results_problem3_v2_final/case_027_1cores/best_result.json.gz
case_027,2,scored,1115722,1115722,1.000000000,1105920,1105920,1105920,0,,0.000000000,0,2949120,0,540,12,5.952,results_problem3_v2_final/case_027_2cores/best_plan.json,results_problem3_v2_final/case_027_2cores/best_result.json.gz
case_027,3,scored,747470,747265,1.000274334,8501248,8491008,8491008,0,,0.287385845,2062336,5113856,398,637,12,8.489,results_problem3_v2_final/case_027_3cores/best_plan.json,results_problem3_v2_final/case_027_3cores/best_result.json.gz
case_027,4,scored,559196,559196,1.000000000,3317760,3317760,3317760,0,,0.000000000,0,5160960,0,900,12,6.432,results_problem3_v2_final/case_027_4cores/best_plan.json,results_problem3_v2_final/case_027_4cores/best_result.json.gz
case_027,5,scored,453694,450393,1.007329155,11204608,11208704,11208704,0,,0.289504305,2547712,6252544,488,734,12,8.346,results_problem3_v2_final/case_027_5cores/best_plan.json,results_problem3_v2_final/case_027_5cores/best_result.json.gz
case_028,1,scored,43836040,43836040,1.000000000,277412256,277412256,0,277412256,,0.000000000,0,278067744,0,8497,1,5.360,results_problem3_v2_final/case_028_1cores/best_plan.json,results_problem3_v2_final/case_028_1cores/best_result.json.gz
case_028,2,scored,21743789,20996827,1.035574994,203536512,203536512,10373760,193162752,,0.806558243,163717128,39265272,1614,1602,1,5.235,results_problem3_v2_final/case_028_2cores/best_plan.json,results_problem3_v2_final/case_028_2cores/best_result.json.gz
case_028,3,scored,15058530,14736544,1.021849492,257422848,257422848,14299392,243123456,,0.310961168,79483824,176123088,1909,3755,1,5.780,results_problem3_v2_final/case_028_3cores/best_plan.json,results_problem3_v2_final/case_028_3cores/best_result.json.gz
case_028,4,scored,11276435,10364274,1.088010120,173640576,173640576,20292480,153348096,,0.908517338,154483416,15555624,1430,2002,1,5.048,results_problem3_v2_final/case_028_4cores/best_plan.json,results_problem3_v2_final/case_028_4cores/best_result.json.gz
case_028,5,scored,9282652,8374114,1.108493627,176191488,176191488,23617536,152573952,,0.891816620,153640512,18637632,1462,2125,1,5.199,results_problem3_v2_final/case_028_5cores/best_plan.json,results_problem3_v2_final/case_028_5cores/best_result.json.gz
case_029,1,scored,37555,37555,1.000000000,0,0,0,0,,0.000000000,0,258132,0,168,1,0.502,results_problem3_v2_final/case_029_1cores/best_plan.json,results_problem3_v2_final/case_029_1cores/best_result.json.gz
case_029,2,scored,19740,19740,1.000000000,0,0,0,0,,0.000000000,0,258132,0,168,8,2.086,results_problem3_v2_final/case_029_2cores/best_plan.json,results_problem3_v2_final/case_029_2cores/best_result.json.gz
case_029,3,scored,12743,12743,1.000000000,0,0,0,0,,0.000000000,0,258132,0,168,8,0.731,results_problem3_v2_final/case_029_3cores/best_plan.json,results_problem3_v2_final/case_029_3cores/best_result.json.gz
case_029,4,scored,10206,10206,1.000000000,92280,92280,92280,0,,0.263049733,92160,258192,45,198,12,4.508,results_problem3_v2_final/case_029_4cores/best_plan.json,results_problem3_v2_final/case_029_4cores/best_result.json.gz
case_029,5,scored,9383,8689,1.079871101,0,159952,159952,0,,0.382180966,159744,258236,78,220,12,4.682,results_problem3_v2_final/case_029_5cores/best_plan.json,results_problem3_v2_final/case_029_5cores/best_result.json.gz
case_030,1,scored,2808034,2807891,1.000050928,5519360,5519360,0,5519360,,0.259867995,2056192,5856256,699,1750,1,2.734,results_problem3_v2_final/case_030_1cores/best_plan.json,results_problem3_v2_final/case_030_1cores/best_result.json.gz
case_030,2,scored,1399149,1398912,1.000169417,6877184,6877184,1950720,4926464,,0.415221474,3849216,5421056,1214,1612,1,3.133,results_problem3_v2_final/case_030_2cores/best_plan.json,results_problem3_v2_final/case_030_2cores/best_result.json.gz
case_030,3,scored,933256,932283,1.001043675,8949248,8949248,3901440,5047808,,0.521419221,5914112,5428224,1888,1614,1,3.184,results_problem3_v2_final/case_030_3cores/best_plan.json,results_problem3_v2_final/case_030_3cores/best_result.json.gz
case_030,4,scored,698838,698674,1.000234730,7811072,7811072,4763648,3047424,,0.529453086,5402624,4801536,1773,1435,1,5.010,results_problem3_v2_final/case_030_4cores/best_plan.json,results_problem3_v2_final/case_030_4cores/best_result.json.gz
case_030,5,scored,560819,560766,1.000094514,10660864,10660864,6924288,3736576,,0.552008158,7205888,5848064,2276,1724,1,6.756,results_problem3_v2_final/case_030_5cores/best_plan.json,results_problem3_v2_final/case_030_5cores/best_result.json.gz
case_031,1,scored,1414369,1414159,1.000148498,3491328,3491328,0,3491328,,0.260593628,1479168,4196980,343,1003,1,3.635,results_problem3_v2_final/case_031_1cores/best_plan.json,results_problem3_v2_final/case_031_1cores/best_result.json.gz
case_031,2,scored,704903,704615,1.000408734,6042982,6050214,6040486,9728,,0.267428087,1615110,4424308,377,1254,12,24.697,results_problem3_v2_final/case_031_2cores/best_plan.json,results_problem3_v2_final/case_031_2cores/best_result.json.gz
case_031,3,scored,469081,468744,1.000718943,9956524,9956524,9956524,0,,0.296405655,2504808,5945800,506,1661,12,28.365,results_problem3_v2_final/case_031_3cores/best_plan.json,results_problem3_v2_final/case_031_3cores/best_result.json.gz
case_031,4,scored,351513,351367,1.000415520,13432720,13432720,13432720,0,,0.382769904,4377646,7059110,1089,1858,12,31.644,results_problem3_v2_final/case_031_4cores/best_plan.json,results_problem3_v2_final/case_031_4cores/best_result.json.gz
case_031,5,scored,289662,285331,1.015178862,7924224,7924224,6274560,1649664,,0.505514864,5110272,4998772,1053,1166,12,22.784,results_problem3_v2_final/case_031_5cores/best_plan.json,results_problem3_v2_final/case_031_5cores/best_result.json.gz
case_032,1,scored,41443,41443,1.000000000,0,0,0,0,,0.000000000,0,279156,0,151,1,0.109,results_problem3_v2_final/case_032_1cores/best_plan.json,results_problem3_v2_final/case_032_1cores/best_result.json.gz
case_032,2,scored,17551,17551,1.000000000,71832,71832,71832,0,,0.204451942,71752,279196,29,171,12,3.425,results_problem3_v2_final/case_032_2cores/best_plan.json,results_problem3_v2_final/case_032_2cores/best_result.json.gz
case_032,3,scored,11925,11925,1.000000000,12364,12364,12364,0,,0.042398754,12360,279158,7,152,12,3.632,results_problem3_v2_final/case_032_3cores/best_plan.json,results_problem3_v2_final/case_032_3cores/best_result.json.gz
case_032,4,scored,10039,9786,1.025853260,20564,20636,20636,0,,0.061964201,18576,281210,9,155,12,4.088,results_problem3_v2_final/case_032_4cores/best_plan.json,results_problem3_v2_final/case_032_4cores/best_result.json.gz
case_032,5,scored,8951,8645,1.035396183,143652,143652,143652,0,,0.320125658,135328,287406,64,184,12,3.757,results_problem3_v2_final/case_032_5cores/best_plan.json,results_problem3_v2_final/case_032_5cores/best_result.json.gz
case_033,1,scored,1774196,1774080,1.000065386,4592640,4592640,0,4592640,,0.096276924,720384,6762032,120,1220,1,0.476,results_problem3_v2_final/case_033_1cores/best_plan.json,results_problem3_v2_final/case_033_1cores/best_result.json.gz
case_033,2,scored,890917,890312,1.000679537,6650400,6650400,2077728,4572672,,0.193241380,1818624,7592528,318,1358,8,0.844,results_problem3_v2_final/case_033_2cores/best_plan.json,results_problem3_v2_final/case_033_2cores/best_result.json.gz
case_033,3,scored,592259,590881,1.002332111,13754720,13754464,11290720,2463744,,0.198417295,2189892,8846908,406,1468,12,19.049,results_problem3_v2_final/case_033_3cores/best_plan.json,results_problem3_v2_final/case_033_3cores/best_result.json.gz
case_033,4,scored,443224,439769,1.007856397,13313664,13313664,13301376,12288,,0.173513304,1833572,8733756,348,1455,12,20.059,results_problem3_v2_final/case_033_4cores/best_plan.json,results_problem3_v2_final/case_033_4cores/best_result.json.gz
case_033,5,scored,359850,355538,1.012128099,7258756,7197316,6951556,245760,,0.525411700,5222400,4717234,994,811,12,17.278,results_problem3_v2_final/case_033_5cores/best_plan.json,results_problem3_v2_final/case_033_5cores/best_result.json.gz
case_034,1,scored,842996,842733,1.000312080,1079832,1079832,0,1079832,,0.309046599,1038336,2321468,252,615,1,0.311,results_problem3_v2_final/case_034_1cores/best_plan.json,results_problem3_v2_final/case_034_1cores/best_result.json.gz
case_034,2,scored,417854,417538,1.000756817,1651200,1651200,1041920,609280,,0.411820968,1618944,2312240,444,606,7,1.560,results_problem3_v2_final/case_034_2cores/best_plan.json,results_problem3_v2_final/case_034_2cores/best_result.json.gz
case_034,3,scored,278372,278366,1.000021554,5531744,5531744,5531744,0,,0.343250094,2131984,4079184,630,944,12,16.929,results_problem3_v2_final/case_034_3cores/best_plan.json,results_problem3_v2_final/case_034_3cores/best_result.json.gz
case_034,4,scored,208690,208686,1.000019168,6320776,6320776,6320776,0,,0.339104748,2336292,4553296,702,1034,12,17.353,results_problem3_v2_final/case_034_4cores/best_plan.json,results_problem3_v2_final/case_034_4cores/best_result.json.gz
case_034,5,scored,173623,169761,1.022749630,3350528,7233216,7233216,0,,0.381653567,2926660,4741708,909,1070,12,19.667,results_problem3_v2_final/case_034_5cores/best_plan.json,results_problem3_v2_final/case_034_5cores/best_result.json.gz
case_035,1,scored,169571,169571,1.000000000,0,0,0,0,,0.000000000,0,396878,0,301,1,0.492,results_problem3_v2_final/case_035_1cores/best_plan.json,results_problem3_v2_final/case_035_1cores/best_result.json.gz
case_035,2,scored,92356,92356,1.000000000,319022,319022,319022,0,,0.153028774,92198,510290,48,469,12,15.694,results_problem3_v2_final/case_035_2cores/best_plan.json,results_problem3_v2_final/case_035_2cores/best_result.json.gz
case_035,3,scored,62974,62943,1.000492509,475492,475492,475492,0,,0.288117643,209484,517594,113,483,12,13.405,results_problem3_v2_final/case_035_3cores/best_plan.json,results_problem3_v2_final/case_035_3cores/best_result.json.gz
case_035,4,scored,48379,48316,1.001303916,663552,663552,663552,0,,0.338574898,285808,558342,179,549,12,14.997,results_problem3_v2_final/case_035_4cores/best_plan.json,results_problem3_v2_final/case_035_4cores/best_result.json.gz
case_035,5,scored,40788,40288,1.012410643,710220,710220,710220,0,,0.408507396,372062,538722,213,564,12,12.021,results_problem3_v2_final/case_035_5cores/best_plan.json,results_problem3_v2_final/case_035_5cores/best_result.json.gz
case_036,1,scored,931510,931510,1.000000000,0,0,0,0,,0.000000000,0,3277952,0,801,1,0.906,results_problem3_v2_final/case_036_1cores/best_plan.json,results_problem3_v2_final/case_036_1cores/best_result.json.gz
case_036,2,scored,466068,466068,1.000000000,1152,1152,1152,0,,0.000000000,0,3279104,0,802,6,2.070,results_problem3_v2_final/case_036_2cores/best_plan.json,results_problem3_v2_final/case_036_2cores/best_result.json.gz
case_036,3,scored,311345,311345,1.000000000,2304,2304,2304,0,,0.000000000,0,3280256,0,803,8,1.437,results_problem3_v2_final/case_036_3cores/best_plan.json,results_problem3_v2_final/case_036_3cores/best_result.json.gz
case_036,4,scored,233584,233584,1.000000000,3456,3456,3456,0,,0.000000000,0,3281408,0,804,8,1.960,results_problem3_v2_final/case_036_4cores/best_plan.json,results_problem3_v2_final/case_036_4cores/best_result.json.gz
case_036,5,scored,187182,187182,1.000000000,4608,4608,4608,0,,0.000000000,0,3282560,0,805,8,1.859,results_problem3_v2_final/case_036_5cores/best_plan.json,results_problem3_v2_final/case_036_5cores/best_result.json.gz
case_037,1,scored,210001,210001,1.000000000,0,0,0,0,,0.000000000,0,532480,0,180,1,1.019,results_problem3_v2_final/case_037_1cores/best_plan.json,results_problem3_v2_final/case_037_1cores/best_result.json.gz
case_037,2,scored,105374,105374,1.000000000,204800,204800,204800,0,,0.000000000,0,737280,0,280,6,0.753,results_problem3_v2_final/case_037_2cores/best_plan.json,results_problem3_v2_final/case_037_2cores/best_result.json.gz
case_037,3,scored,70894,70894,1.000000000,1077248,1069056,1069056,0,,0.266339869,333824,919552,124,283,12,5.870,results_problem3_v2_final/case_037_3cores/best_plan.json,results_problem3_v2_final/case_037_3cores/best_result.json.gz
case_037,4,scored,53320,53320,1.000000000,614400,614400,614400,0,,0.000000000,0,1146880,0,480,12,5.160,results_problem3_v2_final/case_037_4cores/best_plan.json,results_problem3_v2_final/case_037_4cores/best_result.json.gz
case_037,5,scored,43397,43013,1.008927534,1445888,1445888,1445888,0,,0.423366834,690176,940032,266,289,12,6.206,results_problem3_v2_final/case_037_5cores/best_plan.json,results_problem3_v2_final/case_037_5cores/best_result.json.gz
case_038,1,scored,1364555,1363312,1.000911750,5627904,5627904,0,5627904,,0.173616815,1462272,6960138,377,2010,1,2.693,results_problem3_v2_final/case_038_1cores/best_plan.json,results_problem3_v2_final/case_038_1cores/best_result.json.gz
case_038,2,scored,671734,671690,1.000065506,4807680,4807680,4388352,419328,,0.224077863,1325568,4590090,357,1386,12,25.476,results_problem3_v2_final/case_038_2cores/best_plan.json,results_problem3_v2_final/case_038_2cores/best_result.json.gz
case_038,3,scored,446710,446506,1.000456881,7970816,7970816,7970816,0,,0.441306482,3920896,4963850,1192,1494,12,30.409,results_problem3_v2_final/case_038_3cores/best_plan.json,results_problem3_v2_final/case_038_3cores/best_result.json.gz
case_038,4,scored,338262,338262,1.000000000,9618944,9618944,9618944,0,,0.468916953,4750336,5380106,1354,1619,12,30.141,results_problem3_v2_final/case_038_4cores/best_plan.json,results_problem3_v2_final/case_038_4cores/best_result.json.gz
case_038,5,scored,272108,272055,1.000194814,11258368,11258368,11258368,0,,0.532232320,6256128,5498378,1746,1654,12,32.849,results_problem3_v2_final/case_038_5cores/best_plan.json,results_problem3_v2_final/case_038_5cores/best_result.json.gz
case_039,1,scored,1435262,1435262,1.000000000,7929856,7929856,0,7929856,,0.000000000,0,12132352,0,2582,1,3.560,results_problem3_v2_final/case_039_1cores/best_plan.json,results_problem3_v2_final/case_039_1cores/best_result.json.gz
case_039,2,scored,690944,690740,1.000295335,4431872,4431872,4202496,229376,,0.350000000,2981888,5537792,497,823,12,20.002,results_problem3_v2_final/case_039_2cores/best_plan.json,results_problem3_v2_final/case_039_2cores/best_result.json.gz
case_039,3,scored,461085,461028,1.000123637,12410880,5701632,5701632,0,,0.260000000,2183168,6213632,310,1076,12,18.618,results_problem3_v2_final/case_039_3cores/best_plan.json,results_problem3_v2_final/case_039_3cores/best_result.json.gz
case_039,4,scored,348947,348018,1.002669402,9986048,9986048,9986048,0,,0.476656872,5980160,6565888,880,1135,12,20.454,results_problem3_v2_final/case_039_4cores/best_plan.json,results_problem3_v2_final/case_039_4cores/best_result.json.gz
case_039,5,scored,301586,279353,1.079587475,11583488,11583488,11583488,0,,0.559408755,8060928,6348800,1214,1080,12,21.295,results_problem3_v2_final/case_039_5cores/best_plan.json,results_problem3_v2_final/case_039_5cores/best_result.json.gz
case_040,1,scored,253454,253454,1.000000000,0,0,0,0,,0.000000000,0,911174,0,266,1,1.046,results_problem3_v2_final/case_040_1cores/best_plan.json,results_problem3_v2_final/case_040_1cores/best_result.json.gz
case_040,2,scored,133225,132193,1.007806767,452754,452754,452754,0,,0.136308903,166404,1054382,43,446,12,10.164,results_problem3_v2_final/case_040_2cores/best_plan.json,results_problem3_v2_final/case_040_2cores/best_result.json.gz
case_040,3,scored,90940,90242,1.007734758,1265744,1265744,1265744,0,,0.370798282,707538,1200610,151,510,12,9.911,results_problem3_v2_final/case_040_3cores/best_plan.json,results_problem3_v2_final/case_040_3cores/best_result.json.gz
case_040,4,scored,70348,69488,1.012376238,1405678,1405678,1405678,0,,0.389797573,768284,1202698,193,521,12,11.617,results_problem3_v2_final/case_040_4cores/best_plan.json,results_problem3_v2_final/case_040_4cores/best_result.json.gz
case_040,5,scored,59032,57774,1.021774501,1897242,1897242,1897242,0,,0.372439523,877288,1478230,217,607,12,11.398,results_problem3_v2_final/case_040_5cores/best_plan.json,results_problem3_v2_final/case_040_5cores/best_result.json.gz
case_041,1,scored,6003957,6001575,1.000396896,30898176,30898176,0,30898176,,0.101636815,3643392,32203776,719,6611,1,21.143,results_problem3_v2_final/case_041_1cores/best_plan.json,results_problem3_v2_final/case_041_1cores/best_result.json.gz
case_041,2,scored,2965873,2965687,1.000062717,49489160,49489160,38863112,10626048,,0.100170986,3231744,29030532,730,6806,5,115.399,results_problem3_v2_final/case_041_2cores/best_plan.json,results_problem3_v2_final/case_041_2cores/best_result.json.gz
case_041,3,scored,2001138,1992248,1.004462296,56698112,56698112,41028864,15669248,,0.250881264,9756672,29132928,2069,6876,5,115.006,results_problem3_v2_final/case_041_3cores/best_plan.json,results_problem3_v2_final/case_041_3cores/best_result.json.gz
case_041,4,scored,1507779,1503434,1.002890050,46354704,46354704,43285776,3068928,,0.204340022,6439936,25075848,1439,5977,5,101.252,results_problem3_v2_final/case_041_4cores/best_plan.json,results_problem3_v2_final/case_041_4cores/best_result.json.gz
case_041,5,scored,1202006,1199720,1.001905445,38206464,38206464,18130944,20075520,,0.236902050,10223616,32931840,2076,6685,1,20.833,results_problem3_v2_final/case_041_5cores/best_plan.json,results_problem3_v2_final/case_041_5cores/best_result.json.gz
case_042,1,scored,1686740,1675633,1.006628540,6629376,6629376,0,6629376,,0.318691758,2866176,6127392,551,1348,1,2.022,results_problem3_v2_final/case_042_1cores/best_plan.json,results_problem3_v2_final/case_042_1cores/best_result.json.gz
case_042,2,scored,854342,851098,1.003811547,11024024,11024024,7350648,3673376,,0.073204610,613664,7769196,115,1812,12,20.359,results_problem3_v2_final/case_042_2cores/best_plan.json,results_problem3_v2_final/case_042_2cores/best_result.json.gz
case_042,3,scored,574145,564999,1.016187639,8848680,15933108,12403380,3529728,,0.400753931,5325094,7962596,1091,1845,12,20.711,results_problem3_v2_final/case_042_3cores/best_plan.json,results_problem3_v2_final/case_042_3cores/best_result.json.gz
case_042,4,scored,436952,431543,1.012534093,8569704,8179560,5092200,3087360,,0.318993967,3363392,7180356,807,1549,12,13.655,results_problem3_v2_final/case_042_4cores/best_plan.json,results_problem3_v2_final/case_042_4cores/best_result.json.gz
case_042,5,scored,344175,339141,1.014843384,9994092,10147692,8185708,1961984,,0.434419171,5422944,7060262,1211,1516,12,17.281,results_problem3_v2_final/case_042_5cores/best_plan.json,results_problem3_v2_final/case_042_5cores/best_result.json.gz
case_043,1,scored,677656,677656,1.000000000,49160,49160,0,49160,,0.033207400,49152,1431000,6,386,1,0.973,results_problem3_v2_final/case_043_1cores/best_plan.json,results_problem3_v2_final/case_043_1cores/best_result.json.gz
case_043,2,scored,343130,343112,1.000052461,1892732,1892732,1892732,0,,0.353692597,1030332,1882740,280,762,12,24.939,results_problem3_v2_final/case_043_2cores/best_plan.json,results_problem3_v2_final/case_043_2cores/best_result.json.gz
case_043,3,scored,231367,231089,1.001203000,3228256,3228256,3228256,0,,0.474025683,1862792,2066936,615,882,12,28.817,results_problem3_v2_final/case_043_3cores/best_plan.json,results_problem3_v2_final/case_043_3cores/best_result.json.gz
case_043,4,scored,177349,175177,1.012398888,4040330,4040330,4040330,0,,0.471937718,2152120,2408058,804,946,12,30.129,results_problem3_v2_final/case_043_4cores/best_plan.json,results_problem3_v2_final/case_043_4cores/best_result.json.gz
case_043,5,scored,146418,144127,1.015895703,4818418,4991280,4991280,0,,0.520173189,2729588,2517872,1008,1085,12,36.636,results_problem3_v2_final/case_043_5cores/best_plan.json,results_problem3_v2_final/case_043_5cores/best_result.json.gz
case_044,1,scored,154407,107814,1.432160944,4438112,4438112,0,4438112,,0.819988572,4408416,967776,216,75,1,0.169,results_problem3_v2_final/case_044_1cores/best_plan.json,results_problem3_v2_final/case_044_1cores/best_result.json.gz
case_044,2,scored,61917,57481,1.077173327,1017696,938336,938336,0,,0.259656143,490048,1397248,30,86,12,3.083,results_problem3_v2_final/case_044_2cores/best_plan.json,results_problem3_v2_final/case_044_2cores/best_result.json.gz
case_044,3,scored,89074,55400,1.607833935,3738560,3959744,1951424,2008320,,0.656205336,3188192,1670336,102,166,12,3.459,results_problem3_v2_final/case_044_3cores/best_plan.json,results_problem3_v2_final/case_044_3cores/best_result.json.gz
case_044,4,scored,96528,66844,1.444078751,4429344,4886048,2858528,2027520,,0.450630392,2607744,3179136,92,218,12,3.348,results_problem3_v2_final/case_044_4cores/best_plan.json,results_problem3_v2_final/case_044_4cores/best_result.json.gz
case_044,5,scored,105024,74396,1.411688800,4948224,5840864,3592448,2248416,,0.812084126,5491040,1270624,202,138,12,3.929,results_problem3_v2_final/case_044_5cores/best_plan.json,results_problem3_v2_final/case_044_5cores/best_result.json.gz
case_045,1,scored,125614,125614,1.000000000,0,0,0,0,,0.000000000,0,278528,0,68,1,0.154,results_problem3_v2_final/case_045_1cores/best_plan.json,results_problem3_v2_final/case_045_1cores/best_result.json.gz
case_045,2,scored,63059,63059,1.000000000,0,0,0,0,,0.000000000,0,278528,0,68,6,0.247,results_problem3_v2_final/case_045_2cores/best_plan.json,results_problem3_v2_final/case_045_2cores/best_result.json.gz
case_045,3,scored,42601,42601,1.000000000,0,0,0,0,,0.000000000,0,278528,0,68,10,2.586,results_problem3_v2_final/case_045_3cores/best_plan.json,results_problem3_v2_final/case_045_3cores/best_result.json.gz
case_045,4,scored,31878,31878,1.000000000,0,0,0,0,,0.000000000,0,278528,0,68,8,0.261,results_problem3_v2_final/case_045_4cores/best_plan.json,results_problem3_v2_final/case_045_4cores/best_result.json.gz
case_045,5,scored,26164,26164,1.000000000,0,0,0,0,,0.000000000,0,278528,0,68,10,1.935,results_problem3_v2_final/case_045_5cores/best_plan.json,results_problem3_v2_final/case_045_5cores/best_result.json.gz
case_046,1,scored,276455,244994,1.128415390,3176288,3176288,0,3176288,,0.753030467,3120992,1023584,144,64,1,0.130,results_problem3_v2_final/case_046_1cores/best_plan.json,results_problem3_v2_final/case_046_1cores/best_result.json.gz
case_046,2,scored,120196,119349,1.007096834,963168,1416800,930400,486400,,0.514862836,1207168,1137472,39,92,12,3.474,results_problem3_v2_final/case_046_2cores/best_plan.json,results_problem3_v2_final/case_046_2cores/best_result.json.gz
case_046,3,scored,90323,80251,1.125506224,2133184,2022592,2022592,0,,0.385791004,1133312,1804320,65,129,12,4.137,results_problem3_v2_final/case_046_3cores/best_plan.json,results_problem3_v2_final/case_046_3cores/best_result.json.gz
case_046,4,scored,81580,81580,1.000000000,2791200,2791200,2791200,0,,0.000000000,0,3787136,0,208,12,3.160,results_problem3_v2_final/case_046_4cores/best_plan.json,results_problem3_v2_final/case_046_4cores/best_result.json.gz
case_046,5,scored,103363,78107,1.323351300,4143488,4290944,4143488,147456,,0.599332125,3015168,2015712,149,219,12,7.278,results_problem3_v2_final/case_046_5cores/best_plan.json,results_problem3_v2_final/case_046_5cores/best_result.json.gz
case_047,1,scored,326508,326508,1.000000000,0,0,0,0,,0.000000000,0,457286,0,271,1,8.709,results_problem3_v2_final/case_047_1cores/best_plan.json,results_problem3_v2_final/case_047_1cores/best_result.json.gz
case_047,2,scored,172114,172114,1.000000000,716358,716358,716358,0,,0.180292394,161798,735622,101,872,5,63.712,results_problem3_v2_final/case_047_2cores/best_plan.json,results_problem3_v2_final/case_047_2cores/best_result.json.gz
case_047,3,scored,123355,122241,1.009113145,1046218,1043594,1043594,0,,0.325131977,362634,752710,384,970,5,54.812,results_problem3_v2_final/case_047_3cores/best_plan.json,results_problem3_v2_final/case_047_3cores/best_result.json.gz
case_047,4,scored,108699,105305,1.032230189,1591442,1591442,1591442,0,,0.349492830,514898,958374,687,1183,5,51.619,results_problem3_v2_final/case_047_4cores/best_plan.json,results_problem3_v2_final/case_047_4cores/best_result.json.gz
case_047,5,scored,95509,94534,1.010313750,1914264,1914264,1914264,0,,0.556956135,955094,759752,1143,1056,5,54.746,results_problem3_v2_final/case_047_5cores/best_plan.json,results_problem3_v2_final/case_047_5cores/best_result.json.gz
case_048,1,scored,222220,222220,1.000000000,0,0,0,0,,0.000000000,0,410182,0,169,1,1.112,results_problem3_v2_final/case_048_1cores/best_plan.json,results_problem3_v2_final/case_048_1cores/best_result.json.gz
case_048,2,scored,128563,128562,1.000007778,501446,501446,501446,0,,0.200161256,147462,589254,57,330,12,5.618,results_problem3_v2_final/case_048_2cores/best_plan.json,results_problem3_v2_final/case_048_2cores/best_result.json.gz
case_048,3,scored,97850,97853,0.999969342,488236,488236,488236,0,,0.067435977,49100,678998,37,357,12,5.703,results_problem3_v2_final/case_048_3cores/best_plan.json,results_problem3_v2_final/case_048_3cores/best_result.json.gz
case_048,4,scored,97924,97927,0.999969365,495154,495154,495154,0,,0.071405920,52240,679352,46,363,12,4.768,results_problem3_v2_final/case_048_4cores/best_plan.json,results_problem3_v2_final/case_048_4cores/best_result.json.gz
case_048,5,scored,98797,98798,0.999989878,501904,501904,501904,0,,0.216487664,159118,575880,90,304,12,6.010,results_problem3_v2_final/case_048_5cores/best_plan.json,results_problem3_v2_final/case_048_5cores/best_result.json.gz
case_049,1,scored,196276,196276,1.000000000,0,0,0,0,,0.000000000,0,152504,0,144,1,0.526,results_problem3_v2_final/case_049_1cores/best_plan.json,results_problem3_v2_final/case_049_1cores/best_result.json.gz
case_049,2,scored,100791,100735,1.000555914,204974,204974,204974,0,,0.099246428,26630,241692,32,274,12,11.081,results_problem3_v2_final/case_049_2cores/best_plan.json,results_problem3_v2_final/case_049_2cores/best_result.json.gz
case_049,3,scored,69306,68613,1.010100127,399188,399188,399188,0,,0.259413550,96396,275196,115,322,12,11.016,results_problem3_v2_final/case_049_3cores/best_plan.json,results_problem3_v2_final/case_049_3cores/best_result.json.gz
case_049,4,scored,52598,52300,1.005697897,563394,563394,563394,0,,0.354883346,166194,302112,202,361,12,11.614,results_problem3_v2_final/case_049_4cores/best_plan.json,results_problem3_v2_final/case_049_4cores/best_result.json.gz
case_049,5,scored,45618,44776,1.018804717,745118,745118,745118,0,,0.416376139,234324,328446,278,383,12,13.968,results_problem3_v2_final/case_049_5cores/best_plan.json,results_problem3_v2_final/case_049_5cores/best_result.json.gz
case_050,1,scored,149690,149690,1.000000000,0,0,0,0,,0.000000000,0,319300,0,188,1,2.132,results_problem3_v2_final/case_050_1cores/best_plan.json,results_problem3_v2_final/case_050_1cores/best_result.json.gz
case_050,2,scored,76607,76340,1.003497511,316766,316766,316766,0,,0.218307680,117126,419392,62,407,12,15.231,results_problem3_v2_final/case_050_2cores/best_plan.json,results_problem3_v2_final/case_050_2cores/best_result.json.gz
case_050,3,scored,51756,51340,1.008102844,447188,447188,447188,0,,0.333771003,210480,420132,157,431,12,13.352,results_problem3_v2_final/case_050_3cores/best_plan.json,results_problem3_v2_final/case_050_3cores/best_result.json.gz
case_050,4,scored,40865,40549,1.007793041,732042,732042,732042,0,,0.388389092,315932,497510,243,446,12,14.556,results_problem3_v2_final/case_050_4cores/best_plan.json,results_problem3_v2_final/case_050_4cores/best_result.json.gz
case_050,5,scored,33127,33022,1.003179698,704646,704646,704646,0,,0.403254712,318172,470838,288,454,12,12.866,results_problem3_v2_final/case_050_5cores/best_plan.json,results_problem3_v2_final/case_050_5cores/best_result.json.gz
case_051,1,scored,607628,607628,1.000000000,0,0,0,0,,0.000000000,0,393216,0,12,1,0.308,results_problem3_v2_final/case_051_1cores/best_plan.json,results_problem3_v2_final/case_051_1cores/best_result.json.gz
case_051,2,scored,366212,363318,1.007965474,393864,393872,393872,0,,0.499791550,393216,393544,12,176,12,4.311,results_problem3_v2_final/case_051_2cores/best_plan.json,results_problem3_v2_final/case_051_2cores/best_result.json.gz
case_051,3,scored,301518,297321,1.014116056,393992,394000,394000,0,,0.499809360,393262,393562,35,185,12,5.178,results_problem3_v2_final/case_051_3cores/best_plan.json,results_problem3_v2_final/case_051_3cores/best_result.json.gz
case_051,4,scored,263094,258807,1.016564467,525320,590864,590864,0,,0.599776323,589916,393644,64,226,12,4.889,results_problem3_v2_final/case_051_4cores/best_plan.json,results_problem3_v2_final/case_051_4cores/best_result.json.gz
case_051,5,scored,208670,205151,1.017153219,328816,328828,328828,0,,0.454375095,327818,393652,79,230,8,0.558,results_problem3_v2_final/case_051_5cores/best_plan.json,results_problem3_v2_final/case_051_5cores/best_result.json.gz
case_052,1,scored,180301,180301,1.000000000,0,0,0,0,,0.000000000,0,810044,0,259,1,0.327,results_problem3_v2_final/case_052_1cores/best_plan.json,results_problem3_v2_final/case_052_1cores/best_result.json.gz
case_052,2,scored,85344,85209,1.001584340,430632,430632,430632,0,,0.090012097,98816,998992,28,304,12,7.288,results_problem3_v2_final/case_052_2cores/best_plan.json,results_problem3_v2_final/case_052_2cores/best_result.json.gz
case_052,3,scored,59088,58857,1.003924767,577600,596032,596032,0,,0.142443370,176652,1063504,52,312,12,7.325,results_problem3_v2_final/case_052_3cores/best_plan.json,results_problem3_v2_final/case_052_3cores/best_result.json.gz
case_052,4,scored,44532,44532,1.000000000,732232,732232,732232,0,,0.163072521,220688,1132624,64,321,12,7.845,results_problem3_v2_final/case_052_4cores/best_plan.json,results_problem3_v2_final/case_052_4cores/best_result.json.gz
case_052,5,scored,37440,37440,1.000000000,328704,328704,328704,0,,0.223909065,254976,883772,41,269,10,4.103,results_problem3_v2_final/case_052_5cores/best_plan.json,results_problem3_v2_final/case_052_5cores/best_result.json.gz
case_053,1,scored,1472686,1428109,1.031214004,5405536,5405536,0,5405536,,0.624870838,5155968,3095286,342,363,1,1.836,results_problem3_v2_final/case_053_1cores/best_plan.json,results_problem3_v2_final/case_053_1cores/best_result.json.gz
case_053,2,scored,706748,706748,1.000000000,3301878,3301878,3301878,0,,0.232753482,1247878,4113494,166,858,5,33.015,results_problem3_v2_final/case_053_2cores/best_plan.json,results_problem3_v2_final/case_053_2cores/best_result.json.gz
case_053,3,scored,482016,481790,1.000469084,5284428,5284428,5235276,49152,,0.290875955,2057322,5015528,455,923,1,2.418,results_problem3_v2_final/case_053_3cores/best_plan.json,results_problem3_v2_final/case_053_3cores/best_result.json.gz
case_053,4,scored,371227,366396,1.013185188,7937666,7937666,7937666,0,,0.371249160,3426704,5803496,765,1122,1,2.897,results_problem3_v2_final/case_053_4cores/best_plan.json,results_problem3_v2_final/case_053_4cores/best_result.json.gz
case_053,5,scored,325225,312207,1.041696695,9621590,9621590,9621590,0,,0.283647692,3049974,7702710,936,1219,1,2.822,results_problem3_v2_final/case_053_5cores/best_plan.json,results_problem3_v2_final/case_053_5cores/best_result.json.gz
case_054,1,scored,815051,815051,1.000000000,0,0,0,0,,0.000000000,0,1606214,0,351,1,7.798,results_problem3_v2_final/case_054_1cores/best_plan.json,results_problem3_v2_final/case_054_1cores/best_result.json.gz
case_054,2,scored,417052,417051,1.000002398,1585830,1585830,1585830,0,,0.084161568,211462,2301110,101,1068,1,3.476,results_problem3_v2_final/case_054_2cores/best_plan.json,results_problem3_v2_final/case_054_2cores/best_result.json.gz
case_054,3,scored,279699,279743,0.999842713,3301068,3301068,3301068,0,,0.153279673,534088,2950314,408,1245,1,4.176,results_problem3_v2_final/case_054_3cores/best_plan.json,results_problem3_v2_final/case_054_3cores/best_result.json.gz
case_054,4,scored,216946,216160,1.003636195,3843858,3843858,3843858,0,,0.218908814,834962,2979238,713,1277,1,4.562,results_problem3_v2_final/case_054_4cores/best_plan.json,results_problem3_v2_final/case_054_4cores/best_result.json.gz
case_054,5,scored,174696,173981,1.004109644,4629558,4629558,4629558,0,,0.276371153,1186772,3107352,1037,1399,1,3.741,results_problem3_v2_final/case_054_5cores/best_plan.json,results_problem3_v2_final/case_054_5cores/best_result.json.gz
case_055,1,scored,118835,118835,1.000000000,69632,69632,0,69632,,0.100143243,69632,625692,17,173,1,0.533,results_problem3_v2_final/case_055_1cores/best_plan.json,results_problem3_v2_final/case_055_1cores/best_result.json.gz
case_055,2,scored,53080,51245,1.035808372,203272,122376,122376,0,,0.107893693,78336,647712,9,180,12,5.543,results_problem3_v2_final/case_055_2cores/best_plan.json,results_problem3_v2_final/case_055_2cores/best_result.json.gz
case_055,3,scored,35752,33933,1.053605635,377944,286816,286816,0,,0.276515644,246788,645704,40,199,12,8.150,results_problem3_v2_final/case_055_3cores/best_plan.json,results_problem3_v2_final/case_055_3cores/best_result.json.gz
case_055,4,scored,29108,27916,1.042699527,645836,621264,621264,0,,0.377890456,451632,743508,121,218,12,8.082,results_problem3_v2_final/case_055_4cores/best_plan.json,results_problem3_v2_final/case_055_4cores/best_result.json.gz
case_055,5,scored,25709,23960,1.072996661,215040,189952,189952,0,,0.222842318,181760,633884,16,174,12,7.295,results_problem3_v2_final/case_055_5cores/best_plan.json,results_problem3_v2_final/case_055_5cores/best_result.json.gz
case_056,1,scored,277285,277285,1.000000000,0,0,0,0,,0.000000000,0,221526,0,221,1,0.822,results_problem3_v2_final/case_056_1cores/best_plan.json,results_problem3_v2_final/case_056_1cores/best_result.json.gz
case_056,2,scored,142509,142126,1.002694792,424494,424494,424494,0,,0.111340628,51206,408698,59,531,12,33.452,results_problem3_v2_final/case_056_2cores/best_plan.json,results_problem3_v2_final/case_056_2cores/best_result.json.gz
case_056,3,scored,94769,94750,1.000200528,587880,587880,587880,0,,0.307900876,180558,405858,210,540,12,29.806,results_problem3_v2_final/case_056_3cores/best_plan.json,results_problem3_v2_final/case_056_3cores/best_result.json.gz
case_056,4,scored,75353,74535,1.010974710,1277590,1277590,1277590,0,,0.343433187,324056,619522,371,792,12,34.158,results_problem3_v2_final/case_056_4cores/best_plan.json,results_problem3_v2_final/case_056_4cores/best_result.json.gz
case_056,5,scored,62046,61947,1.001598140,1148046,1148046,1148046,0,,0.486514385,439268,463620,487,621,12,31.951,results_problem3_v2_final/case_056_5cores/best_plan.json,results_problem3_v2_final/case_056_5cores/best_result.json.gz
case_057,1,scored,59726,59726,1.000000000,94216,94216,0,94216,,0.218681523,94208,336592,23,129,1,2.348,results_problem3_v2_final/case_057_1cores/best_plan.json,results_problem3_v2_final/case_057_1cores/best_result.json.gz
case_057,2,scored,31206,29715,1.050176678,14112,14112,14112,0,,0.040239521,14112,336588,4,127,12,3.932,results_problem3_v2_final/case_057_2cores/best_plan.json,results_problem3_v2_final/case_057_2cores/best_result.json.gz
case_057,3,scored,21429,20714,1.034517717,251588,237764,237764,0,,0.410988344,235604,337658,69,151,12,4.157,results_problem3_v2_final/case_057_3cores/best_plan.json,results_problem3_v2_final/case_057_3cores/best_result.json.gz
case_057,4,scored,16406,15866,1.034035043,241120,227296,227296,0,,0.400038380,225140,337656,67,150,12,3.828,results_problem3_v2_final/case_057_4cores/best_plan.json,results_problem3_v2_final/case_057_4cores/best_result.json.gz
case_057,5,scored,14028,14028,1.000000000,14400,14112,14112,0,,0.000821215,288,350412,1,130,10,1.909,results_problem3_v2_final/case_057_5cores/best_plan.json,results_problem3_v2_final/case_057_5cores/best_result.json.gz
case_058,1,scored,4539717,4539717,1.000000000,28696576,28696576,0,28696576,,0.000000000,0,35319808,0,8062,1,3.518,results_problem3_v2_final/case_058_1cores/best_plan.json,results_problem3_v2_final/case_058_1cores/best_result.json.gz
case_058,2,scored,2196096,2195580,1.000235018,19181568,19181568,14979072,4202496,,0.255716383,4993024,14532608,857,2788,1,2.242,results_problem3_v2_final/case_058_2cores/best_plan.json,results_problem3_v2_final/case_058_2cores/best_result.json.gz
case_058,3,scored,1461951,1461951,1.000000000,16662528,16662528,9191424,7471104,,0.000000000,0,19550208,0,3090,1,2.179,results_problem3_v2_final/case_058_3cores/best_plan.json,results_problem3_v2_final/case_058_3cores/best_result.json.gz
case_058,4,scored,1095793,1095352,1.000402610,31772672,31772672,31354880,417792,,0.520136346,16875520,15568896,2800,2877,1,5.158,results_problem3_v2_final/case_058_4cores/best_plan.json,results_problem3_v2_final/case_058_4cores/best_result.json.gz
case_058,5,scored,876974,876945,1.000033069,20807680,20807680,20037632,770048,,0.284909910,6217728,15605760,774,2837,1,5.862,results_problem3_v2_final/case_058_5cores/best_plan.json,results_problem3_v2_final/case_058_5cores/best_result.json.gz
case_059,1,scored,829473,815938,1.016588270,1691648,1691648,0,1691648,,0.610044313,1691648,1081344,413,352,1,1.159,results_problem3_v2_final/case_059_1cores/best_plan.json,results_problem3_v2_final/case_059_1cores/best_result.json.gz
case_059,2,scored,369318,369318,1.000000000,360448,360448,360448,0,,0.000000000,0,1441792,0,528,6,2.028,results_problem3_v2_final/case_059_2cores/best_plan.json,results_problem3_v2_final/case_059_2cores/best_result.json.gz
case_059,3,scored,246806,246806,1.000000000,2531328,2531328,2531328,0,,0.605137395,2074624,1353728,663,438,12,11.527,results_problem3_v2_final/case_059_3cores/best_plan.json,results_problem3_v2_final/case_059_3cores/best_result.json.gz
case_059,4,scored,185216,185216,1.000000000,1081344,1081344,1081344,0,,0.000000000,0,2162688,0,880,8,2.060,results_problem3_v2_final/case_059_4cores/best_plan.json,results_problem3_v2_final/case_059_4cores/best_result.json.gz
case_059,5,scored,149026,149026,1.000000000,5160960,5070848,5070848,0,,0.680813124,3909632,1832960,1268,574,12,13.187,results_problem3_v2_final/case_059_5cores/best_plan.json,results_problem3_v2_final/case_059_5cores/best_result.json.gz
case_060,1,scored,888789,887801,1.001112862,2068520,2068520,0,2068520,,0.423143228,1763336,2403896,631,803,1,4.274,results_problem3_v2_final/case_060_1cores/best_plan.json,results_problem3_v2_final/case_060_1cores/best_result.json.gz
case_060,2,scored,430219,426342,1.009093638,2281952,2281952,1986992,294960,,0.405372119,1701016,2495168,564,807,12,23.526,results_problem3_v2_final/case_060_2cores/best_plan.json,results_problem3_v2_final/case_060_2cores/best_result.json.gz
case_060,3,scored,289089,285264,1.013408632,3793744,3793744,3670840,122904,,0.515803697,2882864,2706208,1097,847,12,24.144,results_problem3_v2_final/case_060_3cores/best_plan.json,results_problem3_v2_final/case_060_3cores/best_result.json.gz
case_060,4,scored,217626,213411,1.019750622,4131824,4131824,4099056,32768,,0.513147450,3030460,2875172,1161,889,12,23.578,results_problem3_v2_final/case_060_4cores/best_plan.json,results_problem3_v2_final/case_060_4cores/best_result.json.gz
case_060,5,scored,178318,172051,1.036425246,5717140,5717140,5692560,24580,,0.596110218,4415938,2991984,1801,910,12,26.110,results_problem3_v2_final/case_060_5cores/best_plan.json,results_problem3_v2_final/case_060_5cores/best_result.json.gz
case_061,1,scored,77191,77191,1.000000000,0,0,0,0,,0.000000000,0,544036,0,259,1,0.109,results_problem3_v2_final/case_061_1cores/best_plan.json,results_problem3_v2_final/case_061_1cores/best_result.json.gz
case_061,2,scored,37922,37922,1.000000000,74752,74752,74752,0,,0.057725842,34560,564132,14,266,12,6.438,results_problem3_v2_final/case_061_2cores/best_plan.json,results_problem3_v2_final/case_061_2cores/best_result.json.gz
case_061,3,scored,25831,25831,1.000000000,169984,169984,169984,0,,0.084205910,55296,601380,22,279,12,5.452,results_problem3_v2_final/case_061_3cores/best_plan.json,results_problem3_v2_final/case_061_3cores/best_result.json.gz
case_061,4,scored,20877,20753,1.005975040,163328,167424,167424,0,,0.128466667,86400,586148,34,276,12,5.383,results_problem3_v2_final/case_061_4cores/best_plan.json,results_problem3_v2_final/case_061_4cores/best_result.json.gz
case_061,5,scored,17680,16612,1.064290874,237056,237056,237056,0,,0.128424014,91648,621988,36,289,12,6.305,results_problem3_v2_final/case_061_5cores/best_plan.json,results_problem3_v2_final/case_061_5cores/best_result.json.gz
case_062,1,scored,2854809,2854809,1.000000000,0,0,0,0,,0.000000000,0,13400064,0,4362,1,4.305,results_problem3_v2_final/case_062_1cores/best_plan.json,results_problem3_v2_final/case_062_1cores/best_result.json.gz
case_062,2,scored,1433656,1433656,1.000000000,104448,104448,104448,0,,0.000000000,0,13452288,0,4396,1,6.814,results_problem3_v2_final/case_062_2cores/best_plan.json,results_problem3_v2_final/case_062_2cores/best_result.json.gz
case_062,3,scored,955835,955835,1.000000000,4521984,4521984,4521984,0,,0.000000000,0,15661056,0,5834,1,9.550,results_problem3_v2_final/case_062_3cores/best_plan.json,results_problem3_v2_final/case_062_3cores/best_result.json.gz
case_062,4,scored,716538,716538,1.000000000,5062656,5062656,5062656,0,,0.000000000,0,15931392,0,6010,1,12.231,results_problem3_v2_final/case_062_4cores/best_plan.json,results_problem3_v2_final/case_062_4cores/best_result.json.gz
case_062,5,scored,575377,575377,1.000000000,4580352,4580352,4580352,0,,0.000000000,0,15690240,0,5853,1,13.232,results_problem3_v2_final/case_062_5cores/best_plan.json,results_problem3_v2_final/case_062_5cores/best_result.json.gz
case_063,1,scored,1070397,1070397,1.000000000,0,0,0,0,,0.000000000,0,5019648,0,1634,1,4.084,results_problem3_v2_final/case_063_1cores/best_plan.json,results_problem3_v2_final/case_063_1cores/best_result.json.gz
case_063,2,scored,536776,536776,1.000000000,1167360,1167360,1167360,0,,0.000000000,0,5603328,0,2014,12,30.413,results_problem3_v2_final/case_063_2cores/best_plan.json,results_problem3_v2_final/case_063_2cores/best_result.json.gz
case_063,3,scored,358955,358955,1.000000000,1711104,1711104,1711104,0,,0.000000000,0,5875200,0,2191,12,31.313,results_problem3_v2_final/case_063_3cores/best_plan.json,results_problem3_v2_final/case_063_3cores/best_result.json.gz
case_063,4,scored,270126,270126,1.000000000,1628160,1628160,1628160,0,,0.000000000,0,5833728,0,2164,12,38.167,results_problem3_v2_final/case_063_4cores/best_plan.json,results_problem3_v2_final/case_063_4cores/best_result.json.gz
case_063,5,scored,217873,217873,1.000000000,1665024,1665024,1665024,0,,0.000000000,0,5852160,0,2176,12,35.520,results_problem3_v2_final/case_063_5cores/best_plan.json,results_problem3_v2_final/case_063_5cores/best_result.json.gz
case_064,1,scored,19116,19116,1.000000000,0,0,0,0,,0.000000000,0,35622,0,62,1,1.038,results_problem3_v2_final/case_064_1cores/best_plan.json,results_problem3_v2_final/case_064_1cores/best_result.json.gz
case_064,2,scored,11243,11212,1.002764895,40806,40806,40806,0,,0.197690873,12294,49894,21,106,12,5.311,results_problem3_v2_final/case_064_2cores/best_plan.json,results_problem3_v2_final/case_064_2cores/best_result.json.gz
case_064,3,scored,9675,9669,1.000620540,78572,78572,78572,0,,0.267098548,22924,62902,50,139,12,4.309,results_problem3_v2_final/case_064_3cores/best_plan.json,results_problem3_v2_final/case_064_3cores/best_result.json.gz
case_064,4,scored,7134,7120,1.001966292,95826,95250,95250,0,,0.248297766,23922,72422,64,146,12,4.262,results_problem3_v2_final/case_064_4cores/best_plan.json,results_problem3_v2_final/case_064_4cores/best_result.json.gz
case_064,5,scored,7146,7132,1.001962984,95922,95922,95922,0,,0.242379182,23472,73368,63,153,12,3.367,results_problem3_v2_final/case_064_5cores/best_plan.json,results_problem3_v2_final/case_064_5cores/best_result.json.gz
case_065,1,scored,53068,53068,1.000000000,0,0,0,0,,0.000000000,0,299720,0,153,1,0.075,results_problem3_v2_final/case_065_1cores/best_plan.json,results_problem3_v2_final/case_065_1cores/best_result.json.gz
case_065,2,scored,22364,22364,1.000000000,69288,69288,69288,0,,0.128478515,46224,313556,12,162,12,4.217,results_problem3_v2_final/case_065_2cores/best_plan.json,results_problem3_v2_final/case_065_2cores/best_result.json.gz
case_065,3,scored,16678,16056,1.038739412,115016,115016,115016,0,,0.194855472,78116,322776,24,166,12,3.918,results_problem3_v2_final/case_065_3cores/best_plan.json,results_problem3_v2_final/case_065_3cores/best_result.json.gz
case_065,4,scored,13797,13472,1.024124109,174040,174040,174040,0,,0.178666938,77232,355036,24,175,12,5.323,results_problem3_v2_final/case_065_4cores/best_plan.json,results_problem3_v2_final/case_065_4cores/best_result.json.gz
case_065,5,scored,11459,11459,1.000000000,55872,55872,55872,0,,0.066413193,23616,331976,9,160,10,2.998,results_problem3_v2_final/case_065_5cores/best_plan.json,results_problem3_v2_final/case_065_5cores/best_result.json.gz
case_066,1,scored,359070,359070,1.000000000,0,0,0,0,,0.000000000,0,1027116,0,181,1,0.497,results_problem3_v2_final/case_066_1cores/best_plan.json,results_problem3_v2_final/case_066_1cores/best_result.json.gz
case_066,2,scored,179648,179450,1.001103371,1349172,1349172,1349172,0,,0.241519760,483510,1518438,74,464,12,21.566,results_problem3_v2_final/case_066_2cores/best_plan.json,results_problem3_v2_final/case_066_2cores/best_result.json.gz
case_066,3,scored,124967,124016,1.007668365,2007220,2007220,2007220,0,,0.307010143,772914,1744638,236,548,12,23.235,results_problem3_v2_final/case_066_3cores/best_plan.json,results_problem3_v2_final/case_066_3cores/best_result.json.gz
case_066,4,scored,98947,98034,1.009313095,2404816,2404816,2404816,0,,0.290012696,781242,1912578,319,589,12,23.213,results_problem3_v2_final/case_066_4cores/best_plan.json,results_problem3_v2_final/case_066_4cores/best_result.json.gz
case_066,5,scored,85939,83045,1.034848576,2643850,2643850,2643850,0,,0.320816295,922454,1952880,393,663,12,25.335,results_problem3_v2_final/case_066_5cores/best_plan.json,results_problem3_v2_final/case_066_5cores/best_result.json.gz
case_067,1,scored,63834834,63834834,1.000000000,264449408,264449408,0,264449408,,0.000000000,0,267185920,0,3881,1,2.677,results_problem3_v2_final/case_067_1cores/best_plan.json,results_problem3_v2_final/case_067_1cores/best_result.json.gz
case_067,2,scored,31892838,32073211,0.994376210,249803136,249803136,11428224,238374912,,0.235744753,59099648,191593728,452,1803,12,34.171,results_problem3_v2_final/case_067_2cores/best_plan.json,results_problem3_v2_final/case_067_2cores/best_result.json.gz
case_067,3,scored,21878474,21597442,1.013012282,198630144,198630144,16501504,182128640,,0.370560943,73432064,124732544,310,1611,12,34.808,results_problem3_v2_final/case_067_3cores/best_plan.json,results_problem3_v2_final/case_067_3cores/best_result.json.gz
case_067,4,scored,15976098,15383688,1.038508971,208759936,207234176,26055808,181178368,,0.924911708,187855872,15250944,892,1689,12,40.582,results_problem3_v2_final/case_067_4cores/best_plan.json,results_problem3_v2_final/case_067_4cores/best_result.json.gz
case_067,5,scored,13321145,12304590,1.082615918,209565184,209704448,32308736,177395712,,0.926532000,190135040,15076480,926,1752,12,42.162,results_problem3_v2_final/case_067_5cores/best_plan.json,results_problem3_v2_final/case_067_5cores/best_result.json.gz
case_068,1,scored,362095,362095,1.000000000,0,0,0,0,,0.000000000,0,2739974,0,407,1,0.424,results_problem3_v2_final/case_068_1cores/best_plan.json,results_problem3_v2_final/case_068_1cores/best_result.json.gz
case_068,2,scored,185515,184997,1.002800045,1653422,1653422,1653422,0,,0.202739605,813710,3199862,76,692,12,15.748,results_problem3_v2_final/case_068_2cores/best_plan.json,results_problem3_v2_final/case_068_2cores/best_result.json.gz
case_068,3,scored,130368,129465,1.006974858,2305940,2305940,2305940,0,,0.132658253,620046,4053964,201,748,12,19.471,results_problem3_v2_final/case_068_3cores/best_plan.json,results_problem3_v2_final/case_068_3cores/best_result.json.gz
case_068,4,scored,101868,100735,1.011247332,2762406,2762406,2762406,0,,0.057100740,286566,4732038,236,854,12,20.062,results_problem3_v2_final/case_068_4cores/best_plan.json,results_problem3_v2_final/case_068_4cores/best_result.json.gz
case_068,5,scored,95451,94259,1.012646007,2564776,2564776,2564776,0,,0.026396456,129566,4778896,155,915,12,20.121,results_problem3_v2_final/case_068_5cores/best_plan.json,results_problem3_v2_final/case_068_5cores/best_result.json.gz
case_069,1,scored,25144,25144,1.000000000,0,0,0,0,,0.000000000,0,113766,0,36,1,0.240,results_problem3_v2_final/case_069_1cores/best_plan.json,results_problem3_v2_final/case_069_1cores/best_result.json.gz
case_069,2,scored,13247,13181,1.005007207,161990,161990,161990,0,,0.216659544,50694,183286,19,95,12,4.269,results_problem3_v2_final/case_069_2cores/best_plan.json,results_problem3_v2_final/case_069_2cores/best_result.json.gz
case_069,3,scored,10424,10109,1.031160352,292394,292394,292394,0,,0.326274568,104648,216088,48,124,12,3.841,results_problem3_v2_final/case_069_3cores/best_plan.json,results_problem3_v2_final/case_069_3cores/best_result.json.gz
case_069,4,scored,10017,9082,1.102950892,403598,403598,403598,0,,0.405992354,160138,234298,77,140,12,4.291,results_problem3_v2_final/case_069_4cores/best_plan.json,results_problem3_v2_final/case_069_4cores/best_result.json.gz
case_069,5,scored,9272,7959,1.164970474,360498,360402,360402,0,,0.369234250,130576,223064,81,133,12,4.556,results_problem3_v2_final/case_069_5cores/best_plan.json,results_problem3_v2_final/case_069_5cores/best_result.json.gz
case_070,1,scored,117300,117300,1.000000000,0,0,0,0,,0.000000000,0,419858,0,193,1,0.161,results_problem3_v2_final/case_070_1cores/best_plan.json,results_problem3_v2_final/case_070_1cores/best_result.json.gz
case_070,2,scored,55685,55586,1.001781024,180752,180752,180752,0,,0.212993314,127488,471066,37,200,12,4.670,results_problem3_v2_final/case_070_2cores/best_plan.json,results_problem3_v2_final/case_070_2cores/best_result.json.gz
case_070,3,scored,34902,34691,1.006082269,418836,435220,435220,0,,0.296237904,234496,557084,53,212,12,4.527,results_problem3_v2_final/case_070_3cores/best_plan.json,results_problem3_v2_final/case_070_3cores/best_result.json.gz
case_070,4,scored,28654,28282,1.013153242,563472,553232,553232,0,,0.316652947,288512,622618,68,222,12,4.759,results_problem3_v2_final/case_070_4cores/best_plan.json,results_problem3_v2_final/case_070_4cores/best_result.json.gz
case_070,5,scored,24822,23887,1.039142630,743956,743956,743956,0,,0.421840730,440832,604188,84,228,12,5.076,results_problem3_v2_final/case_070_5cores/best_plan.json,results_problem3_v2_final/case_070_5cores/best_result.json.gz
case_071,1,scored,18919,18919,1.000000000,0,0,0,0,,0.000000000,0,111462,0,35,1,0.072,results_problem3_v2_final/case_071_1cores/best_plan.json,results_problem3_v2_final/case_071_1cores/best_result.json.gz
case_071,2,scored,10396,10395,1.000096200,119846,119846,119846,0,,0.225448250,45316,155688,10,79,12,2.964,results_problem3_v2_final/case_071_2cores/best_plan.json,results_problem3_v2_final/case_071_2cores/best_result.json.gz
case_071,3,scored,8246,8020,1.028179551,243978,243978,243978,0,,0.182694950,53192,237960,32,112,12,3.505,results_problem3_v2_final/case_071_3cores/best_plan.json,results_problem3_v2_final/case_071_3cores/best_result.json.gz
case_071,4,scored,7923,6560,1.207774390,263694,232686,232686,0,,0.352938615,97260,178312,43,105,12,4.468,results_problem3_v2_final/case_071_4cores/best_plan.json,results_problem3_v2_final/case_071_4cores/best_result.json.gz
case_071,5,scored,7715,6841,1.127759100,297042,297042,297042,0,,0.271449612,86992,233480,64,120,12,4.545,results_problem3_v2_final/case_071_5cores/best_plan.json,results_problem3_v2_final/case_071_5cores/best_result.json.gz
case_072,1,scored,23897828,23890756,1.000296014,108613680,108613680,0,108613680,,0.026210198,3137536,116569150,383,13766,1,13.965,results_problem3_v2_final/case_072_1cores/best_plan.json,results_problem3_v2_final/case_072_1cores/best_result.json.gz
case_072,2,scored,11985940,11973525,1.001036871,148672560,148672560,27607040,121065520,,0.118442099,16564224,123286590,2022,14586,1,15.854,results_problem3_v2_final/case_072_2cores/best_plan.json,results_problem3_v2_final/case_072_2cores/best_result.json.gz
case_072,3,scored,8152149,8144722,1.000911879,219517292,219517292,128133468,91383824,,0.124871274,18230412,127763230,2387,15405,1,22.851,results_problem3_v2_final/case_072_3cores/best_plan.json,results_problem3_v2_final/case_072_3cores/best_result.json.gz
case_072,4,scored,6254063,6236802,1.002767604,150450224,150450224,55926784,94523440,,0.202290850,28409856,112030782,3468,13212,1,17.377,results_problem3_v2_final/case_072_4cores/best_plan.json,results_problem3_v2_final/case_072_4cores/best_result.json.gz
case_072,5,scored,4796401,4765197,1.006548313,130777776,130777776,39232176,91545600,,0.305343323,43319296,98551486,5288,11502,1,14.874,results_problem3_v2_final/case_072_5cores/best_plan.json,results_problem3_v2_final/case_072_5cores/best_result.json.gz
case_073,1,scored,10081626,10081626,1.000000000,141570432,141570432,0,141570432,,0.000000000,0,145160448,0,2120,1,2.142,results_problem3_v2_final/case_073_1cores/best_plan.json,results_problem3_v2_final/case_073_1cores/best_result.json.gz
case_073,2,scored,5285049,5486749,0.963238705,100529024,100750208,4746112,96004096,,0.098877179,10279936,93686784,126,973,12,16.562,results_problem3_v2_final/case_073_2cores/best_plan.json,results_problem3_v2_final/case_073_2cores/best_result.json.gz
case_073,3,scored,4121301,3752223,1.098362491,132847872,133267200,8816384,124450816,,0.260498350,35527040,100854016,447,1193,12,18.442,results_problem3_v2_final/case_073_3cores/best_plan.json,results_problem3_v2_final/case_073_3cores/best_result.json.gz
case_073,4,scored,3372559,3040368,1.109260129,97942144,98384512,12817024,85567488,,0.276039022,27975040,73369472,193,1063,12,20.930,results_problem3_v2_final/case_073_4cores/best_plan.json,results_problem3_v2_final/case_073_4cores/best_result.json.gz
case_073,5,scored,2994495,2771404,1.080497466,101126144,101126144,16599040,84527104,,0.206312885,21477376,82623616,221,1084,12,18.719,results_problem3_v2_final/case_073_5cores/best_plan.json,results_problem3_v2_final/case_073_5cores/best_result.json.gz
case_074,1,scored,1682239,1678120,1.002454532,6070280,6070280,0,6070280,,0.166804850,1642496,8204316,214,1214,1,0.422,results_problem3_v2_final/case_074_1cores/best_plan.json,results_problem3_v2_final/case_074_1cores/best_result.json.gz
case_074,2,scored,832145,831632,1.000616859,7200768,7200768,2285568,4915200,,0.210407625,2301952,8638488,338,1331,8,2.070,results_problem3_v2_final/case_074_2cores/best_plan.json,results_problem3_v2_final/case_074_2cores/best_result.json.gz
case_074,3,scored,554189,553308,1.001592242,7868428,7868428,4661260,3207168,,0.380231170,4427776,7217182,705,1079,12,14.997,results_problem3_v2_final/case_074_3cores/best_plan.json,results_problem3_v2_final/case_074_3cores/best_result.json.gz
case_074,4,scored,422052,415062,1.016840858,7303220,7626802,7000114,626688,,0.533033015,5849096,5124138,979,803,12,14.665,results_problem3_v2_final/case_074_4cores/best_plan.json,results_problem3_v2_final/case_074_4cores/best_result.json.gz
case_074,5,scored,345058,337054,1.023746937,7983104,7983104,6799360,1183744,,0.312085744,3670016,8089624,642,1240,12,14.128,results_problem3_v2_final/case_074_5cores/best_plan.json,results_problem3_v2_final/case_074_5cores/best_result.json.gz
case_075,1,scored,1441809,1441809,1.000000000,0,0,0,0,,0.000000000,0,1819782,0,269,1,3.950,results_problem3_v2_final/case_075_1cores/best_plan.json,results_problem3_v2_final/case_075_1cores/best_result.json.gz
case_075,2,scored,724408,723990,1.000577356,2777222,2777222,2777222,0,,0.129809298,458758,3075334,88,954,12,37.521,results_problem3_v2_final/case_075_2cores/best_plan.json,results_problem3_v2_final/case_075_2cores/best_result.json.gz
case_075,3,scored,482691,480999,1.003517679,4925452,4941452,4941452,0,,0.319951230,1571340,3339846,402,978,12,32.125,results_problem3_v2_final/case_075_3cores/best_plan.json,results_problem3_v2_final/case_075_3cores/best_result.json.gz
case_075,4,scored,389698,388953,1.001915399,4852784,4852784,4852784,0,,0.451903411,2310668,2802522,594,818,12,31.938,results_problem3_v2_final/case_075_4cores/best_plan.json,results_problem3_v2_final/case_075_4cores/best_result.json.gz
case_075,5,scored,322990,322387,1.001870423,5507508,5507508,5507508,0,,0.270066202,1476500,3990678,713,919,11,22.059,results_problem3_v2_final/case_075_5cores/best_plan.json,results_problem3_v2_final/case_075_5cores/best_result.json.gz
case_076,1,scored,6185113,6183098,1.000325888,28280832,28280832,0,28280832,,0.133576619,4347904,28201984,1627,10912,1,5.127,results_problem3_v2_final/case_076_1cores/best_plan.json,results_problem3_v2_final/case_076_1cores/best_result.json.gz
case_076,2,scored,3083890,3083890,1.000000000,15496196,15496196,4142084,11354112,,0.280069060,3984384,10242050,1612,3719,1,3.179,results_problem3_v2_final/case_076_2cores/best_plan.json,results_problem3_v2_final/case_076_2cores/best_result.json.gz
case_076,3,scored,2050955,2050955,1.000000000,20953480,20953480,20609416,344064,,0.419214827,7960576,11028676,3212,3987,1,4.826,results_problem3_v2_final/case_076_3cores/best_plan.json,results_problem3_v2_final/case_076_3cores/best_result.json.gz
case_076,4,scored,1536520,1536520,1.000000000,25074700,25074700,23178252,1896448,,0.519622055,11999232,11092998,4840,4011,1,4.789,results_problem3_v2_final/case_076_4cores/best_plan.json,results_problem3_v2_final/case_076_4cores/best_result.json.gz
case_076,5,scored,1227382,1227382,1.000000000,27101580,27101580,26737036,364544,,0.613376215,16034816,10107078,6469,3691,1,7.284,results_problem3_v2_final/case_076_5cores/best_plan.json,results_problem3_v2_final/case_076_5cores/best_result.json.gz
case_077,1,scored,495320,495320,1.000000000,0,0,0,0,,0.000000000,0,2141260,0,336,1,0.589,results_problem3_v2_final/case_077_1cores/best_plan.json,results_problem3_v2_final/case_077_1cores/best_result.json.gz
case_077,2,scored,250535,250514,1.000083828,1516588,1516588,1516588,0,,0.110589559,339640,2731536,77,573,12,13.938,results_problem3_v2_final/case_077_2cores/best_plan.json,results_problem3_v2_final/case_077_2cores/best_result.json.gz
case_077,3,scored,172020,172008,1.000069764,2407302,2407302,2407302,0,,0.146550983,535378,3117808,193,685,12,16.895,results_problem3_v2_final/case_077_3cores/best_plan.json,results_problem3_v2_final/case_077_3cores/best_result.json.gz
case_077,4,scored,129782,128889,1.006928442,2672898,2697438,2697438,0,,0.112505515,434042,3423920,254,728,12,16.347,results_problem3_v2_final/case_077_4cores/best_plan.json,results_problem3_v2_final/case_077_4cores/best_result.json.gz
case_077,5,scored,107828,107021,1.007540576,2854170,2854170,2854170,0,,0.083894691,333696,3643862,242,817,12,17.874,results_problem3_v2_final/case_077_5cores/best_plan.json,results_problem3_v2_final/case_077_5cores/best_result.json.gz
case_078,1,scored,2296143,2296143,1.000000000,12644568,12644568,0,12644568,,0.000000000,0,14776152,0,381,1,0.169,results_problem3_v2_final/case_078_1cores/best_plan.json,results_problem3_v2_final/case_078_1cores/best_result.json.gz
case_078,2,scored,1067370,1054712,1.012001380,3610752,3610752,2148480,1462272,,0.188848189,1069056,4591872,8,158,12,4.125,results_problem3_v2_final/case_078_2cores/best_plan.json,results_problem3_v2_final/case_078_2cores/best_result.json.gz
case_078,3,scored,702362,699477,1.004124510,6705408,6177024,6177024,0,,0.500676664,3746952,3736824,121,273,12,4.722,results_problem3_v2_final/case_078_3cores/best_plan.json,results_problem3_v2_final/case_078_3cores/best_result.json.gz
case_078,4,scored,564504,532566,1.059970032,6445440,6711168,6451584,259584,,0.479968640,4275576,4632456,74,164,12,4.720,results_problem3_v2_final/case_078_4cores/best_plan.json,results_problem3_v2_final/case_078_4cores/best_result.json.gz
case_078,5,scored,467821,430874,1.085748966,11899392,11493888,11493888,0,,0.507500312,6237528,6053160,220,343,12,6.082,results_problem3_v2_final/case_078_5cores/best_plan.json,results_problem3_v2_final/case_078_5cores/best_result.json.gz
case_079,1,scored,31052251,31052251,1.000000000,32448512,32448512,0,32448512,,0.000000000,0,38260736,0,9044,1,9.266,results_problem3_v2_final/case_079_1cores/best_plan.json,results_problem3_v2_final/case_079_1cores/best_result.json.gz
case_079,2,scored,15121479,15121479,1.000000000,93573120,93573120,60354560,33218560,,0.051375195,3649536,67387392,594,11541,1,13.045,results_problem3_v2_final/case_079_2cores/best_plan.json,results_problem3_v2_final/case_079_2cores/best_result.json.gz
case_079,3,scored,10353747,10350887,1.000276305,211304448,211304448,116416512,94887936,,0.020054348,2267136,110782464,439,9764,1,13.210,results_problem3_v2_final/case_079_3cores/best_plan.json,results_problem3_v2_final/case_079_3cores/best_result.json.gz
case_079,4,scored,7635624,7635624,1.000000000,30445568,30445568,10948608,19496960,,0.000000000,0,36257792,0,7664,1,7.422,results_problem3_v2_final/case_079_4cores/best_plan.json,results_problem3_v2_final/case_079_4cores/best_result.json.gz
case_079,5,scored,6074527,6074279,1.000040828,47542272,47542272,23248896,24293376,,0.236181483,12601344,40753152,2136,9405,1,8.929,results_problem3_v2_final/case_079_5cores/best_plan.json,results_problem3_v2_final/case_079_5cores/best_result.json.gz
case_080,1,scored,292138,291826,1.001069130,548864,548864,0,548864,,0.168614357,413696,2039808,101,312,1,0.675,results_problem3_v2_final/case_080_1cores/best_plan.json,results_problem3_v2_final/case_080_1cores/best_result.json.gz
case_080,2,scored,145224,145224,1.000000000,1331200,1331200,1331200,0,,0.249658936,749568,2252800,107,350,12,5.374,results_problem3_v2_final/case_080_2cores/best_plan.json,results_problem3_v2_final/case_080_2cores/best_result.json.gz
case_080,3,scored,97525,97525,1.000000000,1376256,1376256,1376256,0,,0.117154812,344064,2592768,42,405,12,5.640,results_problem3_v2_final/case_080_3cores/best_plan.json,results_problem3_v2_final/case_080_3cores/best_result.json.gz
case_080,4,scored,90804,74545,1.218109867,3362816,3362816,3362816,0,,0.443979933,2174976,2723840,363,425,12,6.597,results_problem3_v2_final/case_080_4cores/best_plan.json,results_problem3_v2_final/case_080_4cores/best_result.json.gz
case_080,5,scored,91352,64117,1.424770342,3178496,3178496,3178496,0,,0.361518550,1716224,3031040,260,463,12,7.466,results_problem3_v2_final/case_080_5cores/best_plan.json,results_problem3_v2_final/case_080_5cores/best_result.json.gz
case_081,1,scored,151795,151795,1.000000000,0,0,0,0,,0.000000000,0,1044820,0,680,1,1.351,results_problem3_v2_final/case_081_1cores/best_plan.json,results_problem3_v2_final/case_081_1cores/best_result.json.gz
case_081,2,scored,76860,76860,1.000000000,0,0,0,0,,0.000000000,0,1044820,0,680,8,9.344,results_problem3_v2_final/case_081_2cores/best_plan.json,results_problem3_v2_final/case_081_2cores/best_result.json.gz
case_081,3,scored,51943,51943,1.000000000,0,0,0,0,,0.000000000,0,1044820,0,680,10,9.333,results_problem3_v2_final/case_081_3cores/best_plan.json,results_problem3_v2_final/case_081_3cores/best_result.json.gz
case_081,4,scored,39588,39588,1.000000000,0,0,0,0,,0.000000000,0,1044820,0,680,10,8.480,results_problem3_v2_final/case_081_4cores/best_plan.json,results_problem3_v2_final/case_081_4cores/best_result.json.gz
case_081,5,scored,30943,30943,1.000000000,0,0,0,0,,0.000000000,0,1044820,0,680,8,1.749,results_problem3_v2_final/case_081_5cores/best_plan.json,results_problem3_v2_final/case_081_5cores/best_result.json.gz
case_082,1,scored,721041,721041,1.000000000,0,0,0,0,,0.000000000,0,566406,0,89,1,0.559,results_problem3_v2_final/case_082_1cores/best_plan.json,results_problem3_v2_final/case_082_1cores/best_result.json.gz
case_082,2,scored,352197,348668,1.010121376,847878,897286,897286,0,,0.172478264,193542,928582,33,287,12,14.872,results_problem3_v2_final/case_082_2cores/best_plan.json,results_problem3_v2_final/case_082_2cores/best_result.json.gz
case_082,3,scored,229004,228992,1.000052404,2185708,2185708,2185708,0,,0.311425605,571788,1264246,169,420,12,16.603,results_problem3_v2_final/case_082_3cores/best_plan.json,results_problem3_v2_final/case_082_3cores/best_result.json.gz
case_082,4,scored,180108,178367,1.009760774,3129874,2922962,2922962,0,,0.374167973,864786,1446438,277,543,12,14.855,results_problem3_v2_final/case_082_4cores/best_plan.json,results_problem3_v2_final/case_082_4cores/best_result.json.gz
case_082,5,scored,153699,152384,1.008629515,3234934,3234934,3234934,0,,0.407679127,1039254,1509942,363,477,12,16.642,results_problem3_v2_final/case_082_5cores/best_plan.json,results_problem3_v2_final/case_082_5cores/best_result.json.gz
case_083,1,scored,1057993,946145,1.118214439,13934688,13934688,0,13934688,,0.795868409,11829024,3034016,920,210,1,1.736,results_problem3_v2_final/case_083_1cores/best_plan.json,results_problem3_v2_final/case_083_1cores/best_result.json.gz
case_083,2,scored,497211,456221,1.089846807,6591072,6662752,989792,5672960,,0.749544428,5501824,1838400,93,286,12,13.346,results_problem3_v2_final/case_083_2cores/best_plan.json,results_problem3_v2_final/case_083_2cores/best_result.json.gz
case_083,3,scored,309025,295365,1.046247863,2678976,2669760,2141376,528384,,0.518214117,1787648,1661984,68,317,12,15.148,results_problem3_v2_final/case_083_3cores/best_plan.json,results_problem3_v2_final/case_083_3cores/best_result.json.gz
case_083,4,scored,242593,223029,1.087719534,3986208,3983136,3983136,0,,0.605207896,2766720,1804800,131,322,12,13.337,results_problem3_v2_final/case_083_4cores/best_plan.json,results_problem3_v2_final/case_083_4cores/best_result.json.gz
case_083,5,scored,202838,184508,1.099345286,5268864,5613952,5212544,401408,,0.508327537,3063808,2963424,151,426,12,16.240,results_problem3_v2_final/case_083_5cores/best_plan.json,results_problem3_v2_final/case_083_5cores/best_result.json.gz
case_084,1,scored,2507412,2507412,1.000000000,0,0,0,0,,0.000000000,0,9927786,0,4308,1,4.982,results_problem3_v2_final/case_084_1cores/best_plan.json,results_problem3_v2_final/case_084_1cores/best_result.json.gz
case_084,2,scored,1255052,1255052,1.000000000,0,0,0,0,,0.000000000,0,9927786,0,4308,8,6.700,results_problem3_v2_final/case_084_2cores/best_plan.json,results_problem3_v2_final/case_084_2cores/best_result.json.gz
case_084,3,scored,836220,836220,1.000000000,0,0,0,0,,0.000000000,0,9927786,0,4308,8,8.740,results_problem3_v2_final/case_084_3cores/best_plan.json,results_problem3_v2_final/case_084_3cores/best_result.json.gz
case_084,4,scored,629028,629028,1.000000000,0,0,0,0,,0.000000000,0,9927786,0,4308,8,8.437,results_problem3_v2_final/case_084_4cores/best_plan.json,results_problem3_v2_final/case_084_4cores/best_result.json.gz
case_084,5,scored,503472,503472,1.000000000,0,0,0,0,,0.000000000,0,9927786,0,4308,8,7.289,results_problem3_v2_final/case_084_5cores/best_plan.json,results_problem3_v2_final/case_084_5cores/best_result.json.gz
case_085,1,scored,3187899,3187899,1.000000000,0,0,0,0,,0.000000000,0,1655942,0,247,1,5.072,results_problem3_v2_final/case_085_1cores/best_plan.json,results_problem3_v2_final/case_085_1cores/best_result.json.gz
case_085,2,scored,1577630,1577629,1.000000634,2521478,2521478,2521478,0,,0.181451058,585732,2642312,94,847,1,4.671,results_problem3_v2_final/case_085_2cores/best_plan.json,results_problem3_v2_final/case_085_2cores/best_result.json.gz
case_085,3,scored,1066107,1065858,1.000233615,6678380,6678380,6678380,0,,0.339352863,1899660,3698230,561,1551,1,6.040,results_problem3_v2_final/case_085_3cores/best_plan.json,results_problem3_v2_final/case_085_3cores/best_result.json.gz
case_085,4,scored,829851,825808,1.004895811,8756146,8756146,8756146,0,,0.400144998,2744204,4113820,916,1647,1,7.395,results_problem3_v2_final/case_085_4cores/best_plan.json,results_problem3_v2_final/case_085_4cores/best_result.json.gz
case_085,5,scored,639555,634163,1.008502546,11658808,11658808,11658808,0,,0.440426636,3771538,4791836,1278,1818,1,8.135,results_problem3_v2_final/case_085_5cores/best_plan.json,results_problem3_v2_final/case_085_5cores/best_result.json.gz
case_086,1,scored,118403,118403,1.000000000,0,0,0,0,,0.000000000,0,321126,0,90,1,2.037,results_problem3_v2_final/case_086_1cores/best_plan.json,results_problem3_v2_final/case_086_1cores/best_result.json.gz
case_086,2,scored,61662,61621,1.000665358,584422,584422,584422,0,,0.202394220,147462,581126,49,311,12,16.899,results_problem3_v2_final/case_086_2cores/best_plan.json,results_problem3_v2_final/case_086_2cores/best_result.json.gz
case_086,3,scored,44844,44779,1.001451573,1034986,1034986,1034986,0,,0.375696247,379880,631256,163,413,12,17.646,results_problem3_v2_final/case_086_3cores/best_plan.json,results_problem3_v2_final/case_086_3cores/best_result.json.gz
case_086,4,scored,37756,36555,1.032854603,1373042,1373042,1373042,0,,0.332598478,411568,825864,218,509,12,18.374,results_problem3_v2_final/case_086_4cores/best_plan.json,results_problem3_v2_final/case_086_4cores/best_result.json.gz
case_086,5,scored,37019,33078,1.119142633,1625846,1625846,1625846,0,,0.364311961,511988,893368,347,484,12,17.922,results_problem3_v2_final/case_086_5cores/best_plan.json,results_problem3_v2_final/case_086_5cores/best_result.json.gz
case_087,1,scored,3974071,3969779,1.001081168,7902720,7902720,0,7902720,,0.183367768,2534400,11287004,550,2068,1,3.363,results_problem3_v2_final/case_087_1cores/best_plan.json,results_problem3_v2_final/case_087_1cores/best_result.json.gz
case_087,2,scored,2038494,2037975,1.000254665,25416412,25416412,15951580,9464832,,0.118153217,2383692,17790892,332,4097,1,4.080,results_problem3_v2_final/case_087_2cores/best_plan.json,results_problem3_v2_final/case_087_2cores/best_result.json.gz
case_087,3,scored,1362031,1355221,1.005025011,14417640,14417640,10946520,3471120,,0.510040134,9440290,9068626,2203,2264,1,4.841,results_problem3_v2_final/case_087_3cores/best_plan.json,results_problem3_v2_final/case_087_3cores/best_result.json.gz
case_087,4,scored,1039050,1024007,1.014690329,18544964,18544964,14889140,3655824,,0.517395705,11478908,10707028,2923,2608,1,8.227,results_problem3_v2_final/case_087_4cores/best_plan.json,results_problem3_v2_final/case_087_4cores/best_result.json.gz
case_087,5,scored,824974,811994,1.015985340,20694304,20694304,18207376,2486928,,0.491474145,11825094,12235366,3075,3039,1,10.649,results_problem3_v2_final/case_087_5cores/best_plan.json,results_problem3_v2_final/case_087_5cores/best_result.json.gz
case_088,1,scored,243623,243623,1.000000000,0,0,0,0,,0.000000000,0,1829730,0,234,1,0.736,results_problem3_v2_final/case_088_1cores/best_plan.json,results_problem3_v2_final/case_088_1cores/best_result.json.gz
case_088,2,scored,122130,122025,1.000860479,1087690,1087690,1087690,0,,0.160354077,434692,2276134,46,443,12,11.417,results_problem3_v2_final/case_088_2cores/best_plan.json,results_problem3_v2_final/case_088_2cores/best_result.json.gz
case_088,3,scored,86890,86516,1.004322900,1607178,1607178,1607178,0,,0.130216554,416132,2779560,128,463,12,13.133,results_problem3_v2_final/case_088_3cores/best_plan.json,results_problem3_v2_final/case_088_3cores/best_result.json.gz
case_088,4,scored,71858,69570,1.032887739,1900434,1900434,1900434,0,,0.073506446,253134,3190564,188,504,8,1.874,results_problem3_v2_final/case_088_4cores/best_plan.json,results_problem3_v2_final/case_088_4cores/best_result.json.gz
case_088,5,scored,67565,65965,1.024255287,1750102,1750102,1750102,0,,0.053749957,177106,3117892,175,520,12,13.360,results_problem3_v2_final/case_088_5cores/best_plan.json,results_problem3_v2_final/case_088_5cores/best_result.json.gz
case_089,1,scored,693092,693092,1.000000000,0,0,0,0,,0.000000000,0,402560,0,94,1,1.527,results_problem3_v2_final/case_089_1cores/best_plan.json,results_problem3_v2_final/case_089_1cores/best_result.json.gz
case_089,2,scored,346432,346432,1.000000000,238720,238720,238720,0,,0.000000000,0,641280,0,148,12,16.468,results_problem3_v2_final/case_089_2cores/best_plan.json,results_problem3_v2_final/case_089_2cores/best_result.json.gz
case_089,3,scored,232474,232474,1.000000000,960768,957696,957696,0,,0.405796480,454544,665584,75,299,12,15.912,results_problem3_v2_final/case_089_3cores/best_plan.json,results_problem3_v2_final/case_089_3cores/best_result.json.gz
case_089,4,scored,173512,173512,1.000000000,716160,716160,716160,0,,0.000000000,0,1118720,0,256,11,14.467,results_problem3_v2_final/case_089_4cores/best_plan.json,results_problem3_v2_final/case_089_4cores/best_result.json.gz
case_089,5,scored,138740,138740,1.000000000,954880,954880,954880,0,,0.000000000,0,1357440,0,310,12,15.095,results_problem3_v2_final/case_089_5cores/best_plan.json,results_problem3_v2_final/case_089_5cores/best_result.json.gz
case_090,1,scored,1178363,1178363,1.000000000,21233592,21233592,0,21233592,,0.000000000,0,23365560,0,659,1,0.216,results_problem3_v2_final/case_090_1cores/best_plan.json,results_problem3_v2_final/case_090_1cores/best_result.json.gz
case_090,2,scored,572687,481682,1.188931702,10507392,10506624,2404992,8101632,,0.724620213,9075816,3449112,95,233,12,4.485,results_problem3_v2_final/case_090_2cores/best_plan.json,results_problem3_v2_final/case_090_2cores/best_result.json.gz
case_090,3,scored,449438,340871,1.318498787,12490752,12761856,4571904,8189952,,0.651110577,9618768,5154096,134,250,12,4.621,results_problem3_v2_final/case_090_3cores/best_plan.json,results_problem3_v2_final/case_090_3cores/best_result.json.gz
case_090,4,scored,386202,255576,1.511104329,12990336,14250624,6762624,7488000,,0.730274582,11869848,4384104,166,280,12,5.078,results_problem3_v2_final/case_090_4cores/best_plan.json,results_problem3_v2_final/case_090_4cores/best_result.json.gz
case_090,5,scored,324975,231094,1.406245943,12256896,12422784,8847744,3575040,,0.673001449,9630360,4679208,230,332,12,5.037,results_problem3_v2_final/case_090_5cores/best_plan.json,results_problem3_v2_final/case_090_5cores/best_result.json.gz
case_091,1,scored,9186769,9168820,1.001957613,53947008,53947008,0,53947008,,0.105385792,6374016,54108672,1489,13970,1,9.186,results_problem3_v2_final/case_091_1cores/best_plan.json,results_problem3_v2_final/case_091_1cores/best_result.json.gz
case_091,2,scored,4541048,4543426,0.999476606,45687788,45687788,22423052,23264736,,0.173102801,5694208,27200742,1329,7973,1,13.462,results_problem3_v2_final/case_091_2cores/best_plan.json,results_problem3_v2_final/case_091_2cores/best_result.json.gz
case_091,3,scored,3033969,3023633,1.003418404,55675944,55675944,47565864,8110080,,0.294520002,12167744,29146068,2631,8506,1,16.282,results_problem3_v2_final/case_091_3cores/best_plan.json,results_problem3_v2_final/case_091_3cores/best_result.json.gz
case_091,4,scored,2281443,2279902,1.000675906,55834308,55834308,48648740,7185568,,0.374392794,16595168,27730386,4010,7642,1,14.750,results_problem3_v2_final/case_091_4cores/best_plan.json,results_problem3_v2_final/case_091_4cores/best_result.json.gz
case_091,5,scored,1885181,1876124,1.004827506,73487320,73487320,26191320,47296000,,0.275409513,21978176,57823628,5554,13886,1,14.635,results_problem3_v2_final/case_091_5cores/best_plan.json,results_problem3_v2_final/case_091_5cores/best_result.json.gz
case_092,1,scored,4815554,4333631,1.111205361,66000096,66000096,0,66000096,,0.793549596,52970464,13780832,4463,1040,1,4.580,results_problem3_v2_final/case_092_1cores/best_plan.json,results_problem3_v2_final/case_092_1cores/best_result.json.gz
case_092,2,scored,2518353,2219154,1.134825704,66503712,66503712,962144,65541568,,0.776912643,52275456,15010688,4292,1084,1,5.050,results_problem3_v2_final/case_092_2cores/best_plan.json,results_problem3_v2_final/case_092_2cores/best_result.json.gz
case_092,3,scored,1363431,1362606,1.000605457,6368448,6368448,6368448,0,,0.078656145,488320,5719968,25,977,1,3.934,results_problem3_v2_final/case_092_3cores/best_plan.json,results_problem3_v2_final/case_092_3cores/best_result.json.gz
case_092,4,scored,1443106,1222972,1.179999215,49115680,49115680,7298848,41816832,,0.673039363,32948992,16006528,2240,1314,1,4.737,results_problem3_v2_final/case_092_4cores/best_plan.json,results_problem3_v2_final/case_092_4cores/best_result.json.gz
case_092,5,scored,1204969,917058,1.313950699,30787968,30787968,8374656,22413312,,0.779978363,23832320,6722784,360,1188,1,3.468,results_problem3_v2_final/case_092_5cores/best_plan.json,results_problem3_v2_final/case_092_5cores/best_result.json.gz
case_093,1,scored,74205,74205,1.000000000,0,0,0,0,,0.000000000,0,573440,0,280,1,0.607,results_problem3_v2_final/case_093_1cores/best_plan.json,results_problem3_v2_final/case_093_1cores/best_result.json.gz
case_093,2,scored,37827,37827,1.000000000,8192,8192,8192,0,,0.000000000,0,581632,0,284,8,2.007,results_problem3_v2_final/case_093_2cores/best_plan.json,results_problem3_v2_final/case_093_2cores/best_result.json.gz
case_093,3,scored,25103,25103,1.000000000,16384,16384,16384,0,,0.000000000,0,589824,0,288,8,0.715,results_problem3_v2_final/case_093_3cores/best_plan.json,results_problem3_v2_final/case_093_3cores/best_result.json.gz
case_093,4,scored,19779,19779,1.000000000,24576,24576,24576,0,,0.000000000,0,598016,0,292,10,1.959,results_problem3_v2_final/case_093_4cores/best_plan.json,results_problem3_v2_final/case_093_4cores/best_result.json.gz
case_093,5,scored,15876,15876,1.000000000,32768,32768,32768,0,,0.000000000,0,606208,0,296,10,2.067,results_problem3_v2_final/case_093_5cores/best_plan.json,results_problem3_v2_final/case_093_5cores/best_result.json.gz
case_094,1,scored,94892,94892,1.000000000,0,0,0,0,,0.000000000,0,471328,0,104,1,0.363,results_problem3_v2_final/case_094_1cores/best_plan.json,results_problem3_v2_final/case_094_1cores/best_result.json.gz
case_094,2,scored,44003,43981,1.000500216,318244,318244,318244,0,,0.129370907,87840,591138,10,131,12,3.885,results_problem3_v2_final/case_094_2cores/best_plan.json,results_problem3_v2_final/case_094_2cores/best_result.json.gz
case_094,3,scored,30061,30039,1.000732381,433732,433732,433732,0,,0.221129664,175680,618786,23,134,12,4.743,results_problem3_v2_final/case_094_3cores/best_plan.json,results_problem3_v2_final/case_094_3cores/best_result.json.gz
case_094,4,scored,24044,24044,1.000000000,489316,489316,489316,0,,0.200501253,171360,683298,25,136,12,4.402,results_problem3_v2_final/case_094_4cores/best_plan.json,results_problem3_v2_final/case_094_4cores/best_result.json.gz
case_094,5,scored,23508,20712,1.134994206,489312,489312,489312,0,,0.169378188,157248,771136,33,133,12,4.514,results_problem3_v2_final/case_094_5cores/best_plan.json,results_problem3_v2_final/case_094_5cores/best_result.json.gz
case_095,1,scored,2084853,2084853,1.000000000,0,0,0,0,,0.000000000,0,8516508,0,1848,1,0.917,results_problem3_v2_final/case_095_1cores/best_plan.json,results_problem3_v2_final/case_095_1cores/best_result.json.gz
case_095,2,scored,1042890,1042890,1.000000000,0,0,0,0,,0.000000000,0,8516508,0,1848,8,1.603,results_problem3_v2_final/case_095_2cores/best_plan.json,results_problem3_v2_final/case_095_2cores/best_result.json.gz
case_095,3,scored,695775,695775,1.000000000,0,0,0,0,,0.000000000,0,8516508,0,1848,8,3.103,results_problem3_v2_final/case_095_3cores/best_plan.json,results_problem3_v2_final/case_095_3cores/best_result.json.gz
case_095,4,scored,524422,524422,1.000000000,0,0,0,0,,0.000000000,0,8516508,0,1848,8,3.173,results_problem3_v2_final/case_095_4cores/best_plan.json,results_problem3_v2_final/case_095_4cores/best_result.json.gz
case_095,5,scored,420852,420852,1.000000000,0,0,0,0,,0.000000000,0,8516508,0,1848,8,2.701,results_problem3_v2_final/case_095_5cores/best_plan.json,results_problem3_v2_final/case_095_5cores/best_result.json.gz
case_096,1,scored,84194,84194,1.000000000,0,0,0,0,,0.000000000,0,210260,0,114,1,1.052,results_problem3_v2_final/case_096_1cores/best_plan.json,results_problem3_v2_final/case_096_1cores/best_result.json.gz
case_096,2,scored,41875,41847,1.000669104,75608,75608,75608,0,,0.264412851,75584,210272,10,120,12,5.116,results_problem3_v2_final/case_096_2cores/best_plan.json,results_problem3_v2_final/case_096_2cores/best_result.json.gz
case_096,3,scored,27940,27816,1.004457866,178800,178800,178800,0,,0.455296665,176646,211334,29,140,12,5.656,results_problem3_v2_final/case_096_3cores/best_plan.json,results_problem3_v2_final/case_096_3cores/best_result.json.gz
case_096,4,scored,22623,22435,1.008379764,307996,307996,307996,0,,0.585720221,301708,213398,53,150,12,7.414,results_problem3_v2_final/case_096_4cores/best_plan.json,results_problem3_v2_final/case_096_4cores/best_result.json.gz
case_096,5,scored,18827,18827,1.000000000,218780,218780,218780,0,,0.350203971,149888,278114,29,129,12,6.923,results_problem3_v2_final/case_096_5cores/best_plan.json,results_problem3_v2_final/case_096_5cores/best_result.json.gz
case_097,1,scored,11491509,11491509,1.000000000,10584064,10584064,0,10584064,,0.000000000,0,14843904,0,3416,1,1.194,results_problem3_v2_final/case_097_1cores/best_plan.json,results_problem3_v2_final/case_097_1cores/best_result.json.gz
case_097,2,scored,5248026,5247702,1.000061741,38486016,38510592,19365888,19144704,,0.084098114,2064384,22482944,336,2315,12,33.823,results_problem3_v2_final/case_097_2cores/best_plan.json,results_problem3_v2_final/case_097_2cores/best_result.json.gz
case_097,3,scored,3475276,3474603,1.000193691,43806720,43806720,42602496,1204224,,0.262444053,7925760,22274048,1543,2320,12,35.241,results_problem3_v2_final/case_097_3cores/best_plan.json,results_problem3_v2_final/case_097_3cores/best_result.json.gz
case_097,4,scored,2580236,2580031,1.000079456,9043968,9043968,7667712,1376256,,0.182142857,2297856,10317824,374,1762,12,23.466,results_problem3_v2_final/case_097_4cores/best_plan.json,results_problem3_v2_final/case_097_4cores/best_result.json.gz
case_097,5,scored,2077977,2067298,1.005165680,44935168,45019136,45019136,0,,0.262110838,8310784,23396352,1544,2573,12,36.718,results_problem3_v2_final/case_097_5cores/best_plan.json,results_problem3_v2_final/case_097_5cores/best_result.json.gz
case_098,1,scored,177430,177430,1.000000000,0,0,0,0,,0.000000000,0,697912,0,147,1,1.836,results_problem3_v2_final/case_098_1cores/best_plan.json,results_problem3_v2_final/case_098_1cores/best_result.json.gz
case_098,2,scored,89102,89102,1.000000000,315548,315548,315548,0,,0.311227158,315392,697990,38,186,12,5.532,results_problem3_v2_final/case_098_2cores/best_plan.json,results_problem3_v2_final/case_098_2cores/best_result.json.gz
case_098,3,scored,61115,61115,1.000000000,442608,442608,442608,0,,0.387918274,442382,698018,67,200,12,4.746,results_problem3_v2_final/case_098_3cores/best_plan.json,results_problem3_v2_final/case_098_3cores/best_result.json.gz
case_098,4,scored,45978,45976,1.000043501,700764,700764,700764,0,,0.500853056,700444,698058,107,220,12,4.953,results_problem3_v2_final/case_098_4cores/best_plan.json,results_problem3_v2_final/case_098_4cores/best_result.json.gz
case_098,5,scored,39566,39193,1.009517006,438584,438584,438584,0,,0.385710263,438298,698042,69,212,12,6.504,results_problem3_v2_final/case_098_5cores/best_plan.json,results_problem3_v2_final/case_098_5cores/best_result.json.gz
case_099,1,scored,1622999,1618902,1.002530728,5484544,5484544,0,5484544,,0.252354650,2023424,5994752,494,1380,1,1.154,results_problem3_v2_final/case_099_1cores/best_plan.json,results_problem3_v2_final/case_099_1cores/best_result.json.gz
case_099,2,scored,800139,799799,1.000425107,3109120,3092736,3092736,0,,0.338335329,1699840,3324288,397,809,12,17.198,results_problem3_v2_final/case_099_2cores/best_plan.json,results_problem3_v2_final/case_099_2cores/best_result.json.gz
case_099,3,scored,535357,535017,1.000635494,4926976,4976128,4976128,0,,0.506800710,3510272,3416064,817,838,12,19.811,results_problem3_v2_final/case_099_3cores/best_plan.json,results_problem3_v2_final/case_099_3cores/best_result.json.gz
case_099,4,scored,402163,401934,1.000569745,6932480,6916096,6916096,0,,0.583539838,5124096,3656960,1196,869,12,20.057,results_problem3_v2_final/case_099_4cores/best_plan.json,results_problem3_v2_final/case_099_4cores/best_result.json.gz
case_099,5,scored,324419,323117,1.004029500,8645888,8527360,8527360,0,,0.653369481,6909952,3665920,1627,803,12,19.721,results_problem3_v2_final/case_099_5cores/best_plan.json,results_problem3_v2_final/case_099_5cores/best_result.json.gz
case_100,1,scored,151223,151223,1.000000000,0,0,0,0,,0.000000000,0,436006,0,171,1,0.115,results_problem3_v2_final/case_100_1cores/best_plan.json,results_problem3_v2_final/case_100_1cores/best_result.json.gz
case_100,2,scored,69123,67937,1.017457350,449164,449164,449164,0,,0.387952619,317952,501612,23,214,12,4.765,results_problem3_v2_final/case_100_2cores/best_plan.json,results_problem3_v2_final/case_100_2cores/best_result.json.gz
case_100,3,scored,44746,44537,1.004692727,743880,743880,743880,0,,0.487744214,527112,553602,48,230,12,4.818,results_problem3_v2_final/case_100_3cores/best_plan.json,results_problem3_v2_final/case_100_3cores/best_result.json.gz
case_100,4,scored,37217,34663,1.073680870,981228,981228,981228,0,,0.419282005,497676,689296,55,253,12,5.320,results_problem3_v2_final/case_100_4cores/best_plan.json,results_problem3_v2_final/case_100_4cores/best_result.json.gz
case_100,5,scored,36479,32520,1.121740467,1090056,1090056,1090056,0,,0.408460072,534296,773778,63,259,12,4.723,results_problem3_v2_final/case_100_5cores/best_plan.json,results_problem3_v2_final/case_100_5cores/best_result.json.gz
