case,cores,candidate,operation,makespan,added_copy_bytes,cache_hit_rate,accepted
case_001,1,baseline_a_problem2_plan,problem2_plan,233110,0,0.0,True
case_001,2,baseline_a_problem2_plan,problem2_plan,116868,1152,0.0,True
case_001,2,l2_scatter_0,l2_scatter,233110,0,0.0,False
case_001,2,adaptive_partition_l2,adaptive_partition,116868,1152,0.0,False
case_001,3,baseline_a_problem2_plan,problem2_plan,78545,2304,0.0,True
case_001,3,l2_scatter_0,l2_scatter,155211,1152,0.0,False
case_001,3,adaptive_partition_l2,adaptive_partition,78545,2304,0.0,False
case_001,4,baseline_a_problem2_plan,problem2_plan,58984,3456,0.0,True
case_001,4,l2_scatter_0,l2_scatter,116888,2304,0.0,False
case_001,4,adaptive_partition_l2,adaptive_partition,58984,3456,0.0,False
case_001,5,baseline_a_problem2_plan,problem2_plan,47502,4608,0.0,True
case_001,5,l2_scatter_0,l2_scatter,93697,3456,0.0,False
case_001,5,adaptive_partition_l2,adaptive_partition,47502,4608,0.0,False
case_002,1,baseline_a_problem2_plan,problem2_plan,261945,0,0.0,True
case_002,2,baseline_a_problem2_plan,problem2_plan,132664,273408,0.0,True
case_002,2,direct_affinity,direct_affinity,132664,307200,0.0,False
case_002,2,private_cache_affinity,private_cache_affinity,132664,307200,0.0,False
case_002,2,l2_scatter_0,l2_scatter,132664,273408,0.0,False
case_002,3,baseline_a_problem2_plan,problem2_plan,89603,331776,0.0,True
case_002,3,private_cache_affinity,private_cache_affinity,90444,331776,0.0,False
case_002,4,baseline_a_problem2_plan,problem2_plan,68778,384000,0.0,True
case_002,4,private_cache_affinity,private_cache_affinity,68778,384000,0.0,False
case_002,5,baseline_a_problem2_plan,problem2_plan,54733,150528,0.0,True
case_002,5,direct_affinity,direct_affinity,54733,122880,0.0,True
case_002,5,private_cache_affinity,private_cache_affinity,55445,122880,0.0,False
case_002,5,l2_scatter_0,l2_scatter,54733,122880,0.0,False
case_002,5,fifo_reuse_reorder,reuse_window_reorder,54733,150528,0.0,False
case_002,5,adaptive_partition_l2,adaptive_partition,55801,411648,0.0,False
case_003,1,baseline_a_problem2_plan,problem2_plan,602212,0,0.0,True
case_003,2,baseline_a_problem2_plan,problem2_plan,312985,1432334,0.22535237507185896,True
case_003,2,direct_affinity,direct_affinity,312938,1340362,0.21183268960148507,True
case_003,2,private_cache_affinity,private_cache_affinity,316153,1319370,0.19230863901527825,False
case_003,2,l2_scatter_0,l2_scatter,323971,1432334,0.22535237507185896,False
case_003,2,l2_scatter_1,l2_scatter,331403,1434826,0.21070089401692274,False
case_003,2,adaptive_partition_l2,adaptive_partition,322398,1436294,0.20857103386225206,False
case_003,3,baseline_a_problem2_plan,problem2_plan,212524,2286872,0.311427748131757,True
case_003,3,direct_affinity,direct_affinity,224469,2334620,0.3202120071235905,False
case_003,3,private_cache_affinity,private_cache_affinity,217919,2433500,0.32088682609085384,False
case_003,3,l2_scatter_0,l2_scatter,215334,2286872,0.2769362717780454,False
case_003,3,l2_scatter_1,l2_scatter,249047,2296216,0.23272392201778838,False
case_003,3,adaptive_partition_l2,adaptive_partition,219840,2397280,0.3365874210532631,False
case_003,4,baseline_a_problem2_plan,problem2_plan,170789,3378264,0.4243925470626966,True
case_003,4,direct_affinity,direct_affinity,175410,3440674,0.45913332737988927,False
case_003,4,private_cache_affinity,private_cache_affinity,184005,3493540,0.4191120597652081,False
case_003,4,l2_scatter_0,l2_scatter,195689,3396696,0.35312997123895823,False
case_003,4,l2_scatter_1,l2_scatter,197974,3427480,0.3948220998857706,False
case_003,4,fifo_reuse_reorder,reuse_window_reorder,192031,3378264,0.3516225573616572,False
case_003,4,adaptive_partition_l2,adaptive_partition,175846,3438306,0.4010295711410435,False
case_003,5,baseline_a_problem2_plan,problem2_plan,135891,4613028,0.5238378012274718,True
case_003,5,private_cache_affinity,private_cache_affinity,141396,4539436,0.5235563021410163,False
case_003,5,l2_scatter_0,l2_scatter,135891,4514724,0.5134413593545802,True
case_003,5,l2_scatter_1,l2_scatter,147061,4523172,0.4722714856174051,False
case_003,5,fifo_reuse_reorder,reuse_window_reorder,137650,4613028,0.5238378012274718,False
case_003,5,adaptive_partition_l2,adaptive_partition,138271,4553772,0.5129064791583283,False
case_004,1,baseline_a_problem2_plan,problem2_plan,392357,0,0.0,True
case_004,2,baseline_a_problem2_plan,problem2_plan,199074,110592,0.0,True
case_004,2,l2_scatter_1,l2_scatter,392357,0,0.0,False
case_004,2,adaptive_partition_l2,adaptive_partition,217314,1815552,0.2616279069767442,False
case_004,3,baseline_a_problem2_plan,problem2_plan,134043,221184,0.0,True
case_004,3,l2_scatter_1,l2_scatter,262578,110592,0.0,False
case_004,3,adaptive_partition_l2,adaptive_partition,145599,221184,0.0,False
case_004,4,baseline_a_problem2_plan,problem2_plan,104188,331776,0.0,True
case_004,4,l2_scatter_1,l2_scatter,197443,221184,0.0,False
case_004,4,adaptive_partition_l2,adaptive_partition,111330,1176576,0.13095238095238096,False
case_004,5,baseline_a_problem2_plan,problem2_plan,88341,442368,0.0,True
case_004,5,l2_scatter_1,l2_scatter,164060,331776,0.0,False
case_004,5,adaptive_partition_l2,adaptive_partition,91407,2147328,0.1778846153846154,False
case_005,1,baseline_a_problem2_plan,problem2_plan,95618,0,0.0,True
case_005,2,baseline_a_problem2_plan,problem2_plan,50595,490118,0.1189132419508271,True
case_005,2,direct_affinity,direct_affinity,50711,475910,0.1020553672243144,False
case_005,2,private_cache_affinity,private_cache_affinity,51797,475910,0.1020553672243144,False
case_005,2,l2_scatter_0,l2_scatter,51281,471686,0.13237637478780626,False
case_005,2,l2_scatter_1,l2_scatter,51231,448454,0.13110635279455343,False
case_005,2,fifo_reuse_reorder,reuse_window_reorder,50696,490118,0.1078777508922244,False
case_005,2,adaptive_partition_l2,adaptive_partition,51454,455814,0.18414455886924486,False
case_005,3,baseline_a_problem2_plan,problem2_plan,36703,813578,0.3654862579281184,True
case_005,3,private_cache_affinity,private_cache_affinity,36836,841418,0.42875299441043385,False
case_005,3,l2_scatter_0,l2_scatter,36703,813578,0.3654862579281184,False
case_005,3,l2_scatter_1,l2_scatter,37121,834410,0.3813826082297471,False
case_005,4,baseline_a_problem2_plan,problem2_plan,30482,1187408,0.3419636045475643,True
case_005,4,direct_affinity,direct_affinity,30366,1211728,0.32731807792252937,True
case_005,4,l2_scatter_0,l2_scatter,31329,1189904,0.3920035207081166,False
case_005,4,l2_scatter_1,l2_scatter,31025,1194320,0.3201653480970623,False
case_005,4,fifo_reuse_reorder,reuse_window_reorder,30754,1187408,0.3829364973511665,False
case_005,4,adaptive_partition_l2,adaptive_partition,30399,1218672,0.3229211976064507,False
case_005,5,baseline_a_problem2_plan,problem2_plan,27973,1405080,0.34224870549172504,True
case_005,5,direct_affinity,direct_affinity,27941,1416726,0.30985197404322595,True
case_005,5,l2_scatter_0,l2_scatter,29957,1377336,0.26031065366106926,False
case_005,5,l2_scatter_1,l2_scatter,30172,1393656,0.26297564633453213,False
case_005,5,fifo_reuse_reorder,reuse_window_reorder,28088,1405080,0.3320149180027184,False
case_006,1,baseline_a_problem2_plan,problem2_plan,82837,16400,0.029275126148920052,True
case_006,2,baseline_a_problem2_plan,problem2_plan,38939,150472,0.21680841862476574,True
case_006,2,direct_affinity,direct_affinity,39134,128452,0.19113806831208816,False
case_006,2,private_cache_affinity,private_cache_affinity,39134,95676,0.14965488096915058,False
case_006,2,l2_scatter_0,l2_scatter,41380,166856,0.23487925372209484,False
case_006,2,l2_scatter_1,l2_scatter,39199,134080,0.19786449966928094,False
case_006,2,fifo_reuse_reorder,reuse_window_reorder,39570,150472,0.21680841862476574,False
case_006,2,adaptive_partition_l2,adaptive_partition,40698,296156,0.34641593735275195,False
case_006,3,baseline_a_problem2_plan,problem2_plan,26530,352612,0.393516151574078,True
case_006,3,direct_affinity,direct_affinity,26504,352612,0.393516151574078,True
case_006,3,private_cache_affinity,private_cache_affinity,26504,352612,0.393516151574078,False
case_006,3,l2_scatter_0,l2_scatter,28719,352612,0.393516151574078,False
case_006,3,l2_scatter_1,l2_scatter,28086,319836,0.3651474878744551,False
case_006,3,fifo_reuse_reorder,reuse_window_reorder,26530,352612,0.393516151574078,False
case_006,3,adaptive_partition_l2,adaptive_partition,29190,357744,0.3481362737996226,False
case_006,4,baseline_a_problem2_plan,problem2_plan,21197,317704,0.3689023115344407,True
case_006,4,direct_affinity,direct_affinity,20933,339712,0.3846362944438404,True
case_006,4,private_cache_affinity,private_cache_affinity,20793,334068,0.38068152025478924,True
case_006,4,l2_scatter_0,l2_scatter,21792,317704,0.3689023115344407,False
case_006,4,l2_scatter_1,l2_scatter,25087,317704,0.3689023115344407,False
case_006,4,adaptive_partition_l2,adaptive_partition,22339,514608,0.414118131931035,False
case_006,5,baseline_a_problem2_plan,problem2_plan,17666,422428,0.3639125367227751,True
case_006,5,direct_affinity,direct_affinity,18582,483240,0.4338480483180548,False
case_006,5,private_cache_affinity,private_cache_affinity,18540,398760,0.4003557960670686,False
case_006,5,l2_scatter_0,l2_scatter,18867,422432,0.37645535520675216,False
case_006,5,l2_scatter_1,l2_scatter,18867,356896,0.3247135439978516,False
case_006,5,fifo_reuse_reorder,reuse_window_reorder,18058,422428,0.35390434251376646,False
case_006,5,adaptive_partition_l2,adaptive_partition,18488,475048,0.4229735534389199,False
case_007,1,baseline_a_problem2_plan,problem2_plan,1012562,0,0.0,True
case_007,2,baseline_a_problem2_plan,problem2_plan,507494,27648,0.0,True
case_007,2,l2_scatter_1,l2_scatter,1012562,0,0.0,False
case_007,2,adaptive_partition_l2,adaptive_partition,507494,27648,0.0,False
case_007,3,baseline_a_problem2_plan,problem2_plan,338094,55296,0.0,True
case_007,3,l2_scatter_1,l2_scatter,675302,27648,0.0,False
case_007,3,adaptive_partition_l2,adaptive_partition,338094,55296,0.0,False
case_007,4,baseline_a_problem2_plan,problem2_plan,254398,82944,0.0,True
case_007,4,l2_scatter_1,l2_scatter,505850,55296,0.0,False
case_007,4,adaptive_partition_l2,adaptive_partition,254398,82944,0.0,False
case_007,5,baseline_a_problem2_plan,problem2_plan,203834,110592,0.0,True
case_007,5,l2_scatter_1,l2_scatter,405738,82944,0.0,False
case_007,5,adaptive_partition_l2,adaptive_partition,203834,110592,0.0,False
case_008,1,baseline_a_problem2_plan,problem2_plan,487605,0,0.0,True
case_008,2,baseline_a_problem2_plan,problem2_plan,244266,0,0.0,True
case_008,2,adaptive_partition_l2,adaptive_partition,244266,0,0.0,False
case_008,3,baseline_a_problem2_plan,problem2_plan,163359,0,0.0,True
case_008,3,adaptive_partition_l2,adaptive_partition,163359,0,0.0,False
case_008,4,baseline_a_problem2_plan,problem2_plan,123060,0,0.0,True
case_008,4,adaptive_partition_l2,adaptive_partition,123060,0,0.0,False
case_008,5,baseline_a_problem2_plan,problem2_plan,100603,0,0.0,True
case_008,5,adaptive_partition_l2,adaptive_partition,100603,0,0.0,False
case_009,1,baseline_a_problem2_plan,problem2_plan,153261,0,0.0,True
case_009,2,baseline_a_problem2_plan,problem2_plan,81008,379766,0.21618594883148323,True
case_009,2,direct_affinity,direct_affinity,81905,307918,0.15484731956074202,False
case_009,2,private_cache_affinity,private_cache_affinity,81905,307918,0.15484731956074202,False
case_009,2,l2_scatter_0,l2_scatter,83581,379766,0.22810388884865665,False
case_009,2,l2_scatter_1,l2_scatter,83659,375670,0.2239934892718593,False
case_009,2,adaptive_partition_l2,adaptive_partition,81905,307918,0.15484731956074202,False
case_009,3,baseline_a_problem2_plan,problem2_plan,55935,524498,0.27904384163824997,True
case_009,3,direct_affinity,direct_affinity,58209,537786,0.30748528921949597,False
case_009,3,private_cache_affinity,private_cache_affinity,58642,488602,0.2747142796747509,False
case_009,3,l2_scatter_0,l2_scatter,60426,524498,0.30133324891232577,False
case_009,3,l2_scatter_1,l2_scatter,61481,499906,0.28135815563246624,False
case_009,3,fifo_reuse_reorder,reuse_window_reorder,60603,524498,0.30133324891232577,False
case_009,3,adaptive_partition_l2,adaptive_partition,58209,537786,0.30748528921949597,False
case_009,4,baseline_a_problem2_plan,problem2_plan,42828,686002,0.30537907498164646,True
case_009,4,direct_affinity,direct_affinity,45655,682322,0.3632355465428664,False
case_009,4,private_cache_affinity,private_cache_affinity,45211,624938,0.3179480433509577,False
case_009,4,l2_scatter_0,l2_scatter,51885,686002,0.3046469175975714,False
case_009,4,l2_scatter_1,l2_scatter,52980,694194,0.34728569572867585,False
case_009,4,fifo_reuse_reorder,reuse_window_reorder,51885,686002,0.3046469175975714,False
case_009,4,adaptive_partition_l2,adaptive_partition,46196,674370,0.29816662282210576,False
case_009,5,baseline_a_problem2_plan,problem2_plan,36062,740232,0.41909715629357286,True
case_009,5,direct_affinity,direct_affinity,38164,755054,0.40745692610113515,False
case_009,5,private_cache_affinity,private_cache_affinity,38199,735110,0.4024641842634006,False
case_009,5,l2_scatter_0,l2_scatter,48436,715656,0.38599985464802233,False
case_009,5,l2_scatter_1,l2_scatter,47325,707456,0.3810174431844059,False
case_009,5,fifo_reuse_reorder,reuse_window_reorder,47623,740232,0.3994576109950767,False
case_009,5,adaptive_partition_l2,adaptive_partition,38468,802510,0.4528327957790779,False
case_010,1,baseline_a_problem2_plan,problem2_plan,86969,0,0.0,True
case_010,2,baseline_a_problem2_plan,problem2_plan,43413,259252,0.38946087959769754,True
case_010,2,direct_affinity,direct_affinity,44673,92728,0.1767498994006396,False
case_010,2,l2_scatter_0,l2_scatter,46125,247732,0.39007568746275845,False
case_010,2,l2_scatter_1,l2_scatter,44216,198584,0.3385521752430972,False
case_010,3,baseline_a_problem2_plan,problem2_plan,29785,263364,0.3905511567487319,True
case_010,3,direct_affinity,direct_affinity,30695,312524,0.4468464894882983,False
case_010,3,private_cache_affinity,private_cache_affinity,30574,274892,0.4040449479463122,False
case_010,3,l2_scatter_0,l2_scatter,31806,263364,0.40480329085735495,False
case_010,3,l2_scatter_1,l2_scatter,36382,246976,0.3893319201464806,False
case_010,3,fifo_reuse_reorder,reuse_window_reorder,32466,263364,0.40480329085735495,False
case_010,3,adaptive_partition_l2,adaptive_partition,30489,367432,0.4284066916151635,False
case_010,4,baseline_a_problem2_plan,problem2_plan,23574,362832,0.41128292874599753,True
case_010,4,private_cache_affinity,private_cache_affinity,23639,313680,0.36282971397116676,False
case_010,4,l2_scatter_0,l2_scatter,25928,362832,0.41128292874599753,False
case_010,4,l2_scatter_1,l2_scatter,24847,318548,0.3700310320822173,False
case_010,4,fifo_reuse_reorder,reuse_window_reorder,23574,362832,0.41128292874599753,False
case_010,5,baseline_a_problem2_plan,problem2_plan,20864,330976,0.3883357625274567,True
case_010,5,private_cache_affinity,private_cache_affinity,20799,348260,0.3938988095238095,True
case_010,5,l2_scatter_0,l2_scatter,21120,342496,0.38778389708721517,False
case_010,5,l2_scatter_1,l2_scatter,21497,375264,0.4028118426631858,False
case_010,5,adaptive_partition_l2,adaptive_partition,20915,481124,0.46405648575827557,False
case_011,1,baseline_a_problem2_plan,problem2_plan,184697,0,0.0,True
case_011,2,baseline_a_problem2_plan,problem2_plan,92646,180224,0.0,True
case_011,2,adaptive_partition_l2,adaptive_partition,92646,180224,0.0,False
case_011,3,baseline_a_problem2_plan,problem2_plan,62358,888832,0.5253731343283582,True
case_011,3,direct_affinity,direct_affinity,62358,1171456,0.571604938271605,False
case_011,3,l2_scatter_0,l2_scatter,68825,907264,0.4801178203240059,False
case_011,3,l2_scatter_1,l2_scatter,67582,917504,0.4970845481049563,False
case_011,3,fifo_reuse_reorder,reuse_window_reorder,63824,888832,0.5223880597014925,False
case_011,3,adaptive_partition_l2,adaptive_partition,66249,1437696,0.36470588235294116,False
case_011,4,baseline_a_problem2_plan,problem2_plan,46880,540672,0.0,True
case_011,4,direct_affinity,direct_affinity,48245,677888,0.1847246891651865,False
case_011,4,private_cache_affinity,private_cache_affinity,48245,677888,0.1882770870337478,False
case_011,4,l2_scatter_0,l2_scatter,53485,636928,0.35901926444833626,False
case_011,4,adaptive_partition_l2,adaptive_partition,46880,966656,0.057692307692307696,False
case_011,5,baseline_a_problem2_plan,problem2_plan,38752,1071104,0.4885290148448043,True
case_011,5,direct_affinity,direct_affinity,38393,1943552,0.6016114592658908,True
case_011,5,l2_scatter_0,l2_scatter,38856,1083392,0.4697986577181208,False
case_011,5,l2_scatter_1,l2_scatter,41937,1097728,0.464,False
case_011,5,fifo_reuse_reorder,reuse_window_reorder,38752,1071104,0.48043184885290147,False
case_011,5,adaptive_partition_l2,adaptive_partition,40242,2013184,0.482886216466235,False
case_012,1,baseline_a_problem2_plan,problem2_plan,59088,0,0.0,True
case_012,2,baseline_a_problem2_plan,problem2_plan,25755,60120,0.08885254432591161,True
case_012,2,direct_affinity,direct_affinity,28356,23232,0.021836291661345934,False
case_012,2,l2_scatter_0,l2_scatter,25387,60120,0.08885254432591161,True
case_012,2,l2_scatter_1,l2_scatter,25382,66272,0.09913856466645106,True
case_012,2,adaptive_partition_l2,adaptive_partition,27331,64232,0.08851431914625747,False
case_012,3,baseline_a_problem2_plan,problem2_plan,17981,124336,0.15460184046592707,True
case_012,3,direct_affinity,direct_affinity,18315,105920,0.1472856985152067,False
case_012,3,private_cache_affinity,private_cache_affinity,18005,101824,0.14121824448273945,False
case_012,3,l2_scatter_0,l2_scatter,19518,136624,0.15197322104592006,False
case_012,3,l2_scatter_1,l2_scatter,19888,136624,0.15197322104592006,False
case_012,3,fifo_reuse_reorder,reuse_window_reorder,18519,124336,0.15460184046592707,False
case_012,3,adaptive_partition_l2,adaptive_partition,18005,105920,0.1472856985152067,False
case_012,4,baseline_a_problem2_plan,problem2_plan,14680,117738,0.11751819562482216,True
case_012,4,direct_affinity,direct_affinity,14496,117412,0.11826719407052004,True
case_012,4,private_cache_affinity,private_cache_affinity,15769,109220,0.11911287703947851,False
case_012,4,l2_scatter_0,l2_scatter,17684,109542,0.132957750382859,False
case_012,4,l2_scatter_1,l2_scatter,19354,127402,0.14621030866432713,False
case_012,4,fifo_reuse_reorder,reuse_window_reorder,17035,117738,0.13858158119379754,False
case_012,4,adaptive_partition_l2,adaptive_partition,14557,181296,0.23078955453149003,False
case_012,5,baseline_a_problem2_plan,problem2_plan,12365,118056,0.1008094186902134,True
case_012,5,direct_affinity,direct_affinity,13502,101728,0.08540720791855842,False
case_012,5,l2_scatter_0,l2_scatter,15422,116004,0.0967456979099451,False
case_012,5,l2_scatter_1,l2_scatter,16521,115428,0.1194972246496703,False
case_012,5,fifo_reuse_reorder,reuse_window_reorder,14119,118056,0.10345017295565045,False
case_012,5,adaptive_partition_l2,adaptive_partition,13245,200760,0.24410082177308498,False
case_013,1,baseline_a_problem2_plan,problem2_plan,263949,0,0.0,True
case_013,2,baseline_a_problem2_plan,problem2_plan,132198,8192,0.0,True
case_013,2,adaptive_partition_l2,adaptive_partition,132198,8192,0.0,False
case_013,3,baseline_a_problem2_plan,problem2_plan,88351,16384,0.0,True
case_013,3,adaptive_partition_l2,adaptive_partition,88351,16384,0.0,False
case_013,4,baseline_a_problem2_plan,problem2_plan,66982,24576,0.0,True
case_013,4,adaptive_partition_l2,adaptive_partition,66982,24576,0.0,False
case_013,5,baseline_a_problem2_plan,problem2_plan,54363,32768,0.0,True
case_013,5,adaptive_partition_l2,adaptive_partition,54363,32768,0.0,False
case_014,1,baseline_a_problem2_plan,problem2_plan,17689602,71010720,0.12291025483195864,True
case_014,2,baseline_a_problem2_plan,problem2_plan,8888616,71757240,0.22808041447366487,True
case_014,3,baseline_a_problem2_plan,problem2_plan,5978462,77714952,0.2817073611626936,True
case_014,4,baseline_a_problem2_plan,problem2_plan,4503996,82627992,0.15317161287898828,True
case_014,5,baseline_a_problem2_plan,problem2_plan,3649717,88238376,0.2908823978184578,True
case_015,1,baseline_a_problem2_plan,problem2_plan,177362,180256,0.1692685978123867,True
case_015,2,baseline_a_problem2_plan,problem2_plan,85627,858484,0.3065397905372544,True
case_015,2,direct_affinity,direct_affinity,86142,543120,0.2835318317241177,False
case_015,2,private_cache_affinity,private_cache_affinity,86287,558480,0.33590305108741786,False
case_015,2,l2_scatter_0,l2_scatter,92536,842100,0.33348396073475534,False
case_015,2,l2_scatter_1,l2_scatter,88207,825720,0.3130699364804858,False
case_015,2,fifo_reuse_reorder,reuse_window_reorder,86607,858484,0.3273994892022031,False
case_015,2,adaptive_partition_l2,adaptive_partition,85554,504212,0.29411521014147524,True
case_015,3,baseline_a_problem2_plan,problem2_plan,58187,872116,0.34052482741611456,True
case_015,3,direct_affinity,direct_affinity,58784,945876,0.40597258627846233,False
case_015,3,private_cache_affinity,private_cache_affinity,57880,793288,0.33618300001392964,True
case_015,3,l2_scatter_0,l2_scatter,60191,896692,0.3769833252118518,False
case_015,3,l2_scatter_1,l2_scatter,62467,852652,0.3922952432175754,False
case_015,3,fifo_reuse_reorder,reuse_window_reorder,57867,872116,0.3797563831493955,True
case_015,3,adaptive_partition_l2,adaptive_partition,57730,966312,0.3835991287438612,True
case_015,4,baseline_a_problem2_plan,problem2_plan,45003,987108,0.4122602277961094,True
case_015,4,direct_affinity,direct_affinity,48041,1174492,0.3676984305212466,False
case_015,4,private_cache_affinity,private_cache_affinity,48345,1084344,0.3366260063722822,False
case_015,4,l2_scatter_0,l2_scatter,45561,1042404,0.42535499664199755,False
case_015,4,l2_scatter_1,l2_scatter,46883,1050592,0.43655398850013977,False
case_015,4,fifo_reuse_reorder,reuse_window_reorder,45748,987108,0.4122602277961094,False
case_015,4,adaptive_partition_l2,adaptive_partition,44393,1074124,0.4485722642522559,True
case_015,5,baseline_a_problem2_plan,problem2_plan,40649,336384,0.0876492588048156,True
case_015,5,direct_affinity,direct_affinity,44178,340992,0.09107985971142595,False
case_015,5,private_cache_affinity,private_cache_affinity,44686,336384,0.0876492588048156,False
case_015,5,l2_scatter_0,l2_scatter,43040,336384,0.0876492588048156,False
case_015,5,l2_scatter_1,l2_scatter,43644,322560,0.07720029626143912,False
case_015,5,fifo_reuse_reorder,reuse_window_reorder,43040,336384,0.0876492588048156,False
case_015,5,adaptive_partition_l2,adaptive_partition,39462,1438988,0.4762120664807153,True
case_016,1,baseline_a_problem2_plan,problem2_plan,7715523,0,0.0,True
case_016,2,baseline_a_problem2_plan,problem2_plan,4660819,400528,0.49768633367422366,True
case_016,2,l2_scatter_0,l2_scatter,4659199,400528,0.49768633367422366,True
case_016,2,l2_scatter_1,l2_scatter,4659331,400536,0.49768381403684636,False
case_016,2,fifo_reuse_reorder,reuse_window_reorder,4660819,400528,0.49768633367422366,False
case_016,3,baseline_a_problem2_plan,problem2_plan,3875152,402984,0.4976823418204611,True
case_016,3,direct_affinity,direct_affinity,4060774,763152,0.6548474154758845,False
case_016,3,private_cache_affinity,private_cache_affinity,4060775,763152,0.6548474154758845,False
case_016,3,l2_scatter_0,l2_scatter,3871360,402992,0.4976798261133296,True
case_016,4,baseline_a_problem2_plan,problem2_plan,3380175,373848,0.4756458748704568,True
case_016,4,direct_affinity,direct_affinity,3541757,1028448,0.7184656168394398,False
case_016,4,private_cache_affinity,private_cache_affinity,3542648,1093984,0.7309262060396521,False
case_016,4,l2_scatter_0,l2_scatter,3378874,439384,0.5172539048310933,True
case_016,4,l2_scatter_1,l2_scatter,3382266,570460,0.5833721710307699,False
case_016,5,baseline_a_problem2_plan,problem2_plan,2086359,214900,0.3312887122894302,True
case_016,5,direct_affinity,direct_affinity,2142167,1230388,0.7519809639184005,False
case_016,5,private_cache_affinity,private_cache_affinity,2243068,967176,0.7042146840836132,False
case_016,5,l2_scatter_0,l2_scatter,2087098,280436,0.3972394530673914,False
case_017,1,baseline_a_problem2_plan,problem2_plan,162810,22528,0.040398388942088706,True
case_017,2,baseline_a_problem2_plan,problem2_plan,77061,87552,0.06166990540735863,True
case_017,2,direct_affinity,direct_affinity,77061,87552,0.06166990540735863,False
case_017,2,adaptive_partition_l2,adaptive_partition,77444,312848,0.09985273631840796,False
case_017,3,baseline_a_problem2_plan,problem2_plan,48791,314432,0.17054401275095424,True
case_017,3,direct_affinity,direct_affinity,49954,515136,0.17026779717749035,False
case_017,3,private_cache_affinity,private_cache_affinity,50613,547888,0.1612550054741515,False
case_017,3,l2_scatter_0,l2_scatter,51441,375872,0.1391618644288594,False
case_017,3,l2_scatter_1,l2_scatter,49532,411200,0.13732360843103517,False
case_017,3,fifo_reuse_reorder,reuse_window_reorder,50323,314432,0.17054401275095424,False
case_017,3,adaptive_partition_l2,adaptive_partition,53240,547888,0.1612550054741515,False
case_017,4,baseline_a_problem2_plan,problem2_plan,37968,500624,0.12562345142710044,True
case_017,4,direct_affinity,direct_affinity,40132,500624,0.15692634424172217,False
case_017,4,l2_scatter_0,l2_scatter,40132,500624,0.15198378221836084,False
case_017,4,l2_scatter_1,l2_scatter,41275,477584,0.15427126815215475,False
case_017,4,fifo_reuse_reorder,reuse_window_reorder,40132,500624,0.15198378221836084,False
case_017,4,adaptive_partition_l2,adaptive_partition,39420,681072,0.2150996483879609,False
case_017,5,baseline_a_problem2_plan,problem2_plan,32430,724872,0.1750373001214341,True
case_017,5,private_cache_affinity,private_cache_affinity,31310,696160,0.22431208952075676,True
case_017,5,l2_scatter_0,l2_scatter,33561,721800,0.1687445043762346,False
case_017,5,l2_scatter_1,l2_scatter,33479,695688,0.16371444391738707,False
case_017,5,fifo_reuse_reorder,reuse_window_reorder,32430,724872,0.1750373001214341,False
case_018,1,baseline_a_problem2_plan,problem2_plan,1003110,1970176,0.34375031576536474,True
case_018,2,baseline_a_problem2_plan,problem2_plan,499576,6304768,0.25633512129842,True
case_018,2,private_cache_affinity,private_cache_affinity,508072,6304768,0.25260117925474307,False
case_018,2,l2_scatter_0,l2_scatter,511766,6378496,0.25992088726974855,False
case_018,2,l2_scatter_1,l2_scatter,512502,6362112,0.25735641753925664,False
case_018,2,fifo_reuse_reorder,reuse_window_reorder,511510,6386688,0.2597297784389991,False
case_018,2,adaptive_partition_l2,adaptive_partition,511941,6386688,0.26120029381586535,False
case_018,3,baseline_a_problem2_plan,problem2_plan,334741,7473152,0.376545645209185,True
case_018,3,direct_affinity,direct_affinity,335356,7424128,0.36853455707144916,False
case_018,3,private_cache_affinity,private_cache_affinity,336671,5298432,0.22484830824992258,False
case_018,3,l2_scatter_0,l2_scatter,339249,7481344,0.36891671527455483,False
case_018,3,l2_scatter_1,l2_scatter,339009,7489536,0.368689454284695,False
case_018,3,fifo_reuse_reorder,reuse_window_reorder,338111,7481344,0.3750807372507379,False
case_018,3,adaptive_partition_l2,adaptive_partition,340957,7497856,0.36190972349639927,False
case_018,4,baseline_a_problem2_plan,problem2_plan,252971,8522240,0.46779218689218754,True
case_018,4,direct_affinity,direct_affinity,252721,8678528,0.4690304638789064,True
case_018,4,private_cache_affinity,private_cache_affinity,254303,6872192,0.34886138758165913,False
case_018,4,l2_scatter_0,l2_scatter,257257,8510592,0.4629920241895808,False
case_018,4,l2_scatter_1,l2_scatter,257257,8510592,0.4624666990548765,False
case_018,4,fifo_reuse_reorder,reuse_window_reorder,257257,8510592,0.4629920241895808,False
case_018,4,adaptive_partition_l2,adaptive_partition,257160,8735872,0.45785475225632155,False
case_018,5,baseline_a_problem2_plan,problem2_plan,207664,4993032,0.5720484497748429,True
case_018,5,direct_affinity,direct_affinity,213170,5148680,0.5097767898995916,False
case_018,5,private_cache_affinity,private_cache_affinity,213183,5042188,0.5136376831297144,False
case_018,5,l2_scatter_0,l2_scatter,276050,4825116,0.5856991384400455,False
case_018,5,fifo_reuse_reorder,reuse_window_reorder,206528,5017608,0.5434316662128226,True
case_018,5,adaptive_partition_l2,adaptive_partition,213350,8990976,0.4781895096294707,False
case_019,1,baseline_a_problem2_plan,problem2_plan,81144,0,0.0,True
case_019,2,baseline_a_problem2_plan,problem2_plan,39408,30244,0.13064176420238702,True
case_019,2,direct_affinity,direct_affinity,40062,30248,0.13064050778995961,False
case_019,2,l2_scatter_0,l2_scatter,39408,30248,0.13064050778995961,False
case_019,2,l2_scatter_1,l2_scatter,45902,37924,0.12689278941812782,False
case_019,2,fifo_reuse_reorder,reuse_window_reorder,39412,30244,0.13064176420238702,False
case_019,2,adaptive_partition_l2,adaptive_partition,39671,33316,0.1296839050283063,False
case_019,3,baseline_a_problem2_plan,problem2_plan,27240,74824,0.15564815118606254,True
case_019,3,direct_affinity,direct_affinity,27582,66632,0.22664931424567022,False
case_019,3,private_cache_affinity,private_cache_affinity,27582,66632,0.22664931424567022,False
case_019,3,l2_scatter_0,l2_scatter,27339,74824,0.15564815118606254,False
case_019,3,l2_scatter_1,l2_scatter,27327,82504,0.21736486702723462,False
case_019,4,baseline_a_problem2_plan,problem2_plan,20966,224616,0.17130889044030911,True
case_019,4,direct_affinity,direct_affinity,21993,224616,0.17130889044030911,False
case_019,4,private_cache_affinity,private_cache_affinity,22581,241252,0.16712562017438276,False
case_019,4,l2_scatter_0,l2_scatter,21037,224616,0.17130889044030911,False
case_019,4,l2_scatter_1,l2_scatter,28750,205128,0.17455218318727353,False
case_019,4,fifo_reuse_reorder,reuse_window_reorder,21050,224616,0.17130889044030911,False
case_019,4,adaptive_partition_l2,adaptive_partition,21993,241256,0.1671246389065032,False
case_019,5,baseline_a_problem2_plan,problem2_plan,15947,207492,0.2587203042030974,True
case_019,5,private_cache_affinity,private_cache_affinity,17637,238180,0.24035813078379448,False
case_019,5,l2_scatter_1,l2_scatter,17072,195940,0.2544789214370016,False
case_019,5,adaptive_partition_l2,adaptive_partition,17637,238180,0.24035813078379448,False
case_020,1,baseline_a_problem2_plan,problem2_plan,532746,0,0.0,True
case_020,2,baseline_a_problem2_plan,problem2_plan,266580,0,0.0,True
case_020,2,adaptive_partition_l2,adaptive_partition,266580,0,0.0,False
case_020,3,baseline_a_problem2_plan,problem2_plan,177950,0,0.0,True
case_020,3,adaptive_partition_l2,adaptive_partition,177950,0,0.0,False
case_020,4,baseline_a_problem2_plan,problem2_plan,133704,0,0.0,True
case_020,4,adaptive_partition_l2,adaptive_partition,133704,0,0.0,False
case_020,5,baseline_a_problem2_plan,problem2_plan,107650,0,0.0,True
case_020,5,direct_affinity,direct_affinity,107650,0,0.0,False
case_020,5,adaptive_partition_l2,adaptive_partition,107650,0,0.0,False
case_021,1,baseline_a_problem2_plan,problem2_plan,6558837,4501504,0.5005973715651135,True
case_021,2,baseline_a_problem2_plan,problem2_plan,3193640,4091904,0.0,True
case_021,2,direct_affinity,direct_affinity,3190966,4091904,0.29120443740095087,True
case_021,2,private_cache_affinity,private_cache_affinity,3446527,4722688,0.1827956989247312,False
case_021,2,l2_scatter_0,l2_scatter,3148081,5115904,0.25,True
case_021,2,adaptive_partition_l2,adaptive_partition,3541105,40824832,0.004817987152034261,False
case_021,3,baseline_a_problem2_plan,problem2_plan,2119212,8863744,0.5474670072371222,True
case_021,3,direct_affinity,direct_affinity,2121617,8863744,0.5527884206045126,False
case_021,3,private_cache_affinity,private_cache_affinity,2279357,7938048,0.39320843091334895,False
case_021,3,l2_scatter_0,l2_scatter,2165567,9711616,0.5409672262190248,False
case_021,3,fifo_reuse_reorder,reuse_window_reorder,2122211,9711616,0.5434173669467787,False
case_021,3,adaptive_partition_l2,adaptive_partition,2289923,39886848,0.025438910784664995,False
case_021,4,baseline_a_problem2_plan,problem2_plan,1552549,5591040,0.31329113924050633,True
case_021,4,direct_affinity,direct_affinity,1557868,5591040,0.42651469706058787,False
case_021,4,private_cache_affinity,private_cache_affinity,1556309,5701632,0.46540508574807804,False
case_021,4,l2_scatter_0,l2_scatter,1554197,5591040,0.38734177215189874,False
case_021,4,adaptive_partition_l2,adaptive_partition,1757811,38813696,0.02986965966690804,False
case_021,5,baseline_a_problem2_plan,problem2_plan,1248738,11030528,0.622093023255814,True
case_021,5,direct_affinity,direct_affinity,1249380,11431936,0.5699643493761141,False
case_021,5,private_cache_affinity,private_cache_affinity,1241164,7526400,0.5396891191709845,True
case_021,5,l2_scatter_0,l2_scatter,1251087,11673600,0.6845255474452555,False
case_021,5,adaptive_partition_l2,adaptive_partition,1433666,45924352,0.21196111580726965,False
case_022,1,baseline_a_problem2_plan,problem2_plan,56780,0,0.0,True
case_022,2,baseline_a_problem2_plan,problem2_plan,28318,37648,0.1498208456087268,True
case_022,2,private_cache_affinity,private_cache_affinity,28318,37648,0.1498208456087268,False
case_022,2,l2_scatter_0,l2_scatter,30312,40728,0.16009061733056448,False
case_022,2,l2_scatter_1,l2_scatter,29936,12296,0.05441212937050551,False
case_022,2,fifo_reuse_reorder,reuse_window_reorder,28318,37648,0.1498208456087268,False
case_022,2,adaptive_partition_l2,adaptive_partition,28356,43812,0.17011354892862973,False
case_022,3,baseline_a_problem2_plan,problem2_plan,18899,23064,0.09739974301751539,True
case_022,3,direct_affinity,direct_affinity,18951,23064,0.09739974301751539,False
case_022,3,private_cache_affinity,private_cache_affinity,19160,50720,0.19182270931411877,False
case_022,3,l2_scatter_0,l2_scatter,18899,23064,0.09739974301751539,False
case_022,3,l2_scatter_1,l2_scatter,21092,36640,0.1463519930925313,False
case_022,3,adaptive_partition_l2,adaptive_partition,19045,91716,0.20386514239816092,False
case_022,4,baseline_a_problem2_plan,problem2_plan,14372,49968,0.18947640084407402,True
case_022,4,private_cache_affinity,private_cache_affinity,14374,46892,0.17990092546369188,False
case_022,4,l2_scatter_0,l2_scatter,16305,53048,0.19881452581032413,False
case_022,4,l2_scatter_1,l2_scatter,16494,52020,0.19572634766169303,False
case_022,4,fifo_reuse_reorder,reuse_window_reorder,15495,49968,0.18947640084407402,False
case_022,4,adaptive_partition_l2,adaptive_partition,14920,215668,0.25270167775667957,False
case_022,5,baseline_a_problem2_plan,problem2_plan,11525,20736,0.08851098704092608,True
case_022,5,direct_affinity,direct_affinity,11578,20736,0.08851098704092608,False
case_022,5,l2_scatter_0,l2_scatter,11476,20736,0.08851098704092608,True
case_022,5,l2_scatter_1,l2_scatter,14721,20736,0.08851098704092608,False
case_022,5,adaptive_partition_l2,adaptive_partition,12839,166064,0.36667107277794303,False
case_023,1,baseline_a_problem2_plan,problem2_plan,122614,0,0.0,True
case_023,2,baseline_a_problem2_plan,problem2_plan,59738,131360,0.21939984253258898,True
case_023,2,direct_affinity,direct_affinity,59814,132384,0.136818154388979,False
case_023,2,private_cache_affinity,private_cache_affinity,59594,148908,0.1613926669793362,True
case_023,2,l2_scatter_0,l2_scatter,60265,131360,0.0005130159996864902,False
case_023,2,l2_scatter_1,l2_scatter,61353,82208,0.1444964606019905,False
case_023,2,adaptive_partition_l2,adaptive_partition,62231,154404,0.12928190011186233,False
case_023,3,baseline_a_problem2_plan,problem2_plan,40728,228948,0.08986845395278491,True
case_023,3,direct_affinity,direct_affinity,41072,226900,0.08701769841124182,False
case_023,3,private_cache_affinity,private_cache_affinity,41072,226900,0.08701769841124182,False
case_023,3,l2_scatter_0,l2_scatter,40728,228948,0.08986845395278491,False
case_023,3,l2_scatter_1,l2_scatter,42997,106068,0.07984810848536243,False
case_023,3,fifo_reuse_reorder,reuse_window_reorder,40728,228948,0.08986845395278491,False
case_023,3,adaptive_partition_l2,adaptive_partition,46654,370412,0.09315464671225218,False
case_023,4,baseline_a_problem2_plan,problem2_plan,32086,331480,0.03516256739670294,True
case_023,4,private_cache_affinity,private_cache_affinity,32828,377052,0.049018093443315106,False
case_023,4,l2_scatter_0,l2_scatter,33631,328408,0.10671645644617296,False
case_023,4,l2_scatter_1,l2_scatter,32991,343256,0.050713353239168334,False
case_023,4,fifo_reuse_reorder,reuse_window_reorder,32086,331480,0.03516256739670294,False
case_023,4,adaptive_partition_l2,adaptive_partition,32930,424688,0.19102857850183272,False
case_023,5,baseline_a_problem2_plan,problem2_plan,25352,355680,0.12788686617574765,True
case_023,5,direct_affinity,direct_affinity,27185,330528,0.0994050328797619,False
case_023,5,private_cache_affinity,private_cache_affinity,27247,330528,0.0994050328797619,False
case_023,5,l2_scatter_0,l2_scatter,28862,331104,0.19701874002455896,False
case_023,5,l2_scatter_1,l2_scatter,30580,331104,0.19701874002455896,False
case_023,5,fifo_reuse_reorder,reuse_window_reorder,26091,355680,0.22215146829955398,False
case_023,5,adaptive_partition_l2,adaptive_partition,26167,647412,0.15555784264536243,False
case_024,1,baseline_a_problem2_plan,problem2_plan,2555343,0,0.0,True
case_024,2,baseline_a_problem2_plan,problem2_plan,1546201,396024,0.49910895160921814,True
case_024,2,direct_affinity,direct_affinity,1547142,396052,0.4991000825030145,False
case_024,2,l2_scatter_0,l2_scatter,1543307,396032,0.49910641754671,True
case_024,2,l2_scatter_1,l2_scatter,1543307,396032,0.49910641754671,False
case_024,2,adaptive_partition_l2,adaptive_partition,1547842,396036,0.4991051505251053,False
case_024,3,baseline_a_problem2_plan,problem2_plan,1280476,396456,0.49922593940501386,True
case_024,3,direct_affinity,direct_affinity,1340841,724044,0.6462911607746266,False
case_024,3,l2_scatter_0,l2_scatter,1276684,396464,0.499223405443268,True
case_024,3,l2_scatter_1,l2_scatter,1283873,429240,0.5192123075723538,False
case_024,3,adaptive_partition_l2,adaptive_partition,1341106,724044,0.6462911607746266,False
case_024,4,baseline_a_problem2_plan,problem2_plan,1120896,495932,0.5546247668956933,True
case_024,4,direct_affinity,direct_affinity,1167490,1085616,0.7325204375172683,False
case_024,4,private_cache_affinity,private_cache_affinity,1167490,1085616,0.7325204375172683,False
case_024,4,l2_scatter_0,l2_scatter,1116704,561476,0.5852667032027902,True
case_024,4,l2_scatter_1,l2_scatter,1116970,561488,0.5852630164369524,False
case_024,4,adaptive_partition_l2,adaptive_partition,1167490,1085616,0.7325204375172683,False
case_024,5,baseline_a_problem2_plan,problem2_plan,864606,332512,0.45385670360784836,True
case_024,5,direct_affinity,direct_affinity,944672,823912,0.6748114049385399,False
case_024,5,private_cache_affinity,private_cache_affinity,944672,823912,0.6748114049385399,False
case_024,5,l2_scatter_0,l2_scatter,862910,332516,0.4085528553297738,True
case_024,5,l2_scatter_1,l2_scatter,861731,365292,0.4341834129979923,True
case_024,5,adaptive_partition_l2,adaptive_partition,944806,823912,0.6748114049385399,False
case_025,1,baseline_a_problem2_plan,problem2_plan,4863026,0,0.0,True
case_025,2,baseline_a_problem2_plan,problem2_plan,2431840,27648,0.0,True
case_025,3,baseline_a_problem2_plan,problem2_plan,1622164,55296,0.0,True
case_025,4,baseline_a_problem2_plan,problem2_plan,1217444,82944,0.0,True
case_025,5,baseline_a_problem2_plan,problem2_plan,975282,110592,0.0,True
case_026,1,baseline_a_problem2_plan,problem2_plan,99203,0,0.0,True
case_026,2,baseline_a_problem2_plan,problem2_plan,49119,169436,0.25731733252316574,True
case_026,2,direct_affinity,direct_affinity,61291,245856,0.3328183118741059,False
case_026,2,private_cache_affinity,private_cache_affinity,61434,213088,0.3016392320396131,False
case_026,2,l2_scatter_0,l2_scatter,76652,169436,0.25731733252316574,False
case_026,2,l2_scatter_1,l2_scatter,71103,169436,0.25731733252316574,False
case_026,2,fifo_reuse_reorder,reuse_window_reorder,76586,169436,0.25731733252316574,False
case_026,2,adaptive_partition_l2,adaptive_partition,50988,336160,0.3385069055428963,False
case_026,3,baseline_a_problem2_plan,problem2_plan,35758,484280,0.39551397344397987,True
case_026,3,direct_affinity,direct_affinity,38247,431196,0.4405395952592829,False
case_026,3,private_cache_affinity,private_cache_affinity,38009,444276,0.4430946291560102,False
case_026,3,l2_scatter_0,l2_scatter,36883,467896,0.3848147003589512,False
case_026,3,l2_scatter_1,l2_scatter,37665,467892,0.3848155319663912,False
case_026,3,fifo_reuse_reorder,reuse_window_reorder,37306,484280,0.3955160969063277,False
case_026,3,adaptive_partition_l2,adaptive_partition,35613,612992,0.43039908118380465,True
case_026,4,baseline_a_problem2_plan,problem2_plan,25696,471672,0.30310490386476474,True
case_026,4,direct_affinity,direct_affinity,28910,444704,0.2840849853882,False
case_026,4,private_cache_affinity,private_cache_affinity,28540,362908,0.2058739919505663,False
case_026,4,l2_scatter_0,l2_scatter,33226,471664,0.31702909188180567,False
case_026,4,l2_scatter_1,l2_scatter,33226,471664,0.31702909188180567,False
case_026,4,fifo_reuse_reorder,reuse_window_reorder,31618,471672,0.3170277129578684,False
case_026,4,adaptive_partition_l2,adaptive_partition,32556,804728,0.4721291796226981,False
case_026,5,baseline_a_problem2_plan,problem2_plan,22583,517176,0.30687784560863607,True
case_026,5,direct_affinity,direct_affinity,29135,652996,0.3081477891169444,False
case_026,5,private_cache_affinity,private_cache_affinity,26993,585768,0.3002129561629432,False
case_026,5,l2_scatter_0,l2_scatter,28137,533560,0.27861322918205705,False
case_026,5,l2_scatter_1,l2_scatter,27883,533560,0.27861322918205705,False
case_026,5,fifo_reuse_reorder,reuse_window_reorder,28000,517176,0.2657332598115605,False
case_026,5,adaptive_partition_l2,adaptive_partition,27201,1083712,0.5368030469884335,False
case_027,1,baseline_a_problem2_plan,problem2_plan,2359515,1400832,0.2689393939393939,True
case_027,2,baseline_a_problem2_plan,problem2_plan,1115722,1105920,0.0,True
case_027,2,direct_affinity,direct_affinity,1115722,2398208,0.3174958077138066,False
case_027,2,private_cache_affinity,private_cache_affinity,1130512,2619392,0.3368926855312333,False
case_027,2,l2_scatter_0,l2_scatter,1155765,1216512,0.3562753036437247,False
case_027,2,fifo_reuse_reorder,reuse_window_reorder,1115722,1105920,0.14166666666666666,False
case_027,2,adaptive_partition_l2,adaptive_partition,1115722,4583424,0.044854881266490766,False
case_027,3,baseline_a_problem2_plan,problem2_plan,747470,8501248,0.29723567968082076,True
case_027,3,direct_affinity,direct_affinity,747470,10137600,0.38231098430813126,False
case_027,3,l2_scatter_0,l2_scatter,747265,8501248,0.29353092049016816,True
case_027,3,l2_scatter_1,l2_scatter,747265,8521728,0.29553850525717534,False
case_027,3,fifo_reuse_reorder,reuse_window_reorder,747470,8501248,0.2727272727272727,False
case_027,3,adaptive_partition_l2,adaptive_partition,747470,11257856,0.34806629834254144,False
case_027,4,baseline_a_problem2_plan,problem2_plan,559196,3317760,0.0,True
case_027,4,direct_affinity,direct_affinity,559196,4091904,0.5021786492374728,False
case_027,4,private_cache_affinity,private_cache_affinity,559196,4489216,0.5348011363636364,False
case_027,4,l2_scatter_0,l2_scatter,559196,3317760,0.5107142857142857,False
case_027,4,adaptive_partition_l2,adaptive_partition,559196,9117696,0.0814516129032258,False
case_027,5,baseline_a_problem2_plan,problem2_plan,453694,11204608,0.28824214202561116,True
case_027,5,direct_affinity,direct_affinity,453694,13127680,0.39984680199157413,False
case_027,5,l2_scatter_0,l2_scatter,450598,11196416,0.2787229084129573,True
case_027,5,l2_scatter_1,l2_scatter,450393,11214848,0.28906976744186047,True
case_027,5,fifo_reuse_reorder,reuse_window_reorder,453694,11204608,0.2707799767171129,False
case_027,5,adaptive_partition_l2,adaptive_partition,453897,12748800,0.28115216030056356,False
case_028,1,baseline_a_problem2_plan,problem2_plan,43836040,277412256,0.0,True
case_028,2,baseline_a_problem2_plan,problem2_plan,20996827,203536512,0.8065582434733257,True
case_028,3,baseline_a_problem2_plan,problem2_plan,14736544,257422848,0.3109611683740383,True
case_028,4,baseline_a_problem2_plan,problem2_plan,10364274,173640576,0.9085173381359951,True
case_028,5,baseline_a_problem2_plan,problem2_plan,8374114,176191488,0.8918166195242967,True
case_029,1,baseline_a_problem2_plan,problem2_plan,37555,0,0.0,True
case_029,2,baseline_a_problem2_plan,problem2_plan,19740,0,0.0,True
case_029,2,adaptive_partition_l2,adaptive_partition,19740,0,0.0,False
case_029,3,baseline_a_problem2_plan,problem2_plan,12743,0,0.0,True
case_029,3,adaptive_partition_l2,adaptive_partition,12743,0,0.0,False
case_029,4,baseline_a_problem2_plan,problem2_plan,10206,92280,0.26304973284011507,True
case_029,4,private_cache_affinity,private_cache_affinity,10206,92280,0.26304973284011507,False
case_029,4,l2_scatter_0,l2_scatter,10478,92280,0.26304973284011507,False
case_029,4,l2_scatter_1,l2_scatter,11028,86128,0.24989831611486213,False
case_029,5,baseline_a_problem2_plan,problem2_plan,9383,0,0.0,True
case_029,5,adaptive_partition_l2,adaptive_partition,8842,166104,0.3911272068809416,True
case_030,1,baseline_a_problem2_plan,problem2_plan,2807891,5519360,0.259867995341012,True
case_030,2,baseline_a_problem2_plan,problem2_plan,1398912,6877184,0.4152214735446813,True
case_030,3,baseline_a_problem2_plan,problem2_plan,932283,8949248,0.5214192208730195,True
case_030,4,baseline_a_problem2_plan,problem2_plan,698674,7811072,0.529453085800301,True
case_030,5,baseline_a_problem2_plan,problem2_plan,560766,10660864,0.5520081581424537,True
case_031,1,baseline_a_problem2_plan,problem2_plan,1414159,3491328,0.26059362793218216,True
case_031,2,baseline_a_problem2_plan,problem2_plan,704742,6042982,0.2676885329373709,True
case_031,2,direct_affinity,direct_affinity,704615,6050214,0.2674280866136439,True
case_031,2,l2_scatter_0,l2_scatter,709553,6033254,0.2670140529529545,False
case_031,2,l2_scatter_1,l2_scatter,707848,6057830,0.26494925519319307,False
case_031,2,adaptive_partition_l2,adaptive_partition,709553,6033254,0.2670140529529545,False
case_031,3,baseline_a_problem2_plan,problem2_plan,468744,9956524,0.2964056550723924,True
case_031,3,direct_affinity,direct_affinity,469290,8793418,0.22010578916720877,False
case_031,3,private_cache_affinity,private_cache_affinity,472588,7966730,0.20694871811996154,False
case_031,3,l2_scatter_0,l2_scatter,482975,9956524,0.285500167561908,False
case_031,3,l2_scatter_1,l2_scatter,484679,9959596,0.28775846731837496,False
case_031,3,adaptive_partition_l2,adaptive_partition,474870,7751692,0.22906543919123715,False
case_031,4,baseline_a_problem2_plan,problem2_plan,351511,13432720,0.38048673942156325,True
case_031,4,direct_affinity,direct_affinity,354287,12895218,0.4118949948514024,False
case_031,4,private_cache_affinity,private_cache_affinity,355473,12375824,0.36475635304880694,False
case_031,4,l2_scatter_0,l2_scatter,356109,13432720,0.38473951879361595,False
case_031,4,l2_scatter_1,l2_scatter,356109,13432720,0.39020120740531666,False
case_031,4,fifo_reuse_reorder,reuse_window_reorder,356109,13432720,0.38473951879361595,False
case_031,4,adaptive_partition_l2,adaptive_partition,355473,13175568,0.3832889399122514,False
case_031,5,baseline_a_problem2_plan,problem2_plan,286691,7924224,0.4921438664229773,True
case_031,5,direct_affinity,direct_affinity,312741,6789120,0.6497320017740257,False
case_031,5,private_cache_affinity,private_cache_affinity,319170,6045696,0.6569114257234905,False
case_031,5,l2_scatter_0,l2_scatter,290637,6580224,0.653651025596677,False
case_031,5,l2_scatter_1,l2_scatter,302510,6758400,0.6437198235087586,False
case_031,5,fifo_reuse_reorder,reuse_window_reorder,290637,6621696,0.6552820661428425,False
case_031,5,adaptive_partition_l2,adaptive_partition,288194,15137494,0.5156827903258951,False
case_032,1,baseline_a_problem2_plan,problem2_plan,41443,0,0.0,True
case_032,2,baseline_a_problem2_plan,problem2_plan,17551,71832,0.2044519415981855,True
case_032,2,direct_affinity,direct_affinity,19184,71828,0.20445310674576717,False
case_032,2,private_cache_affinity,private_cache_affinity,19184,71828,0.20445310674576717,False
case_032,2,l2_scatter_0,l2_scatter,20814,71832,0.2044519415981855,False
case_032,2,l2_scatter_1,l2_scatter,19606,71836,0.20445077646388374,False
case_032,2,fifo_reuse_reorder,reuse_window_reorder,20010,71832,0.2044519415981855,False
case_032,2,adaptive_partition_l2,adaptive_partition,19184,71828,0.20445310674576717,False
case_032,3,baseline_a_problem2_plan,problem2_plan,11925,12364,0.04239875410780809,True
case_032,3,direct_affinity,direct_affinity,12018,12436,0.042635206968688916,False
case_032,3,private_cache_affinity,private_cache_affinity,14212,49232,0.14989768076398363,False
case_032,3,l2_scatter_0,l2_scatter,12093,12364,0.04239875410780809,False
case_032,3,l2_scatter_1,l2_scatter,12018,16464,0.05566681099805153,False
case_032,3,adaptive_partition_l2,adaptive_partition,14291,145728,0.34268684262563676,False
case_032,4,baseline_a_problem2_plan,problem2_plan,10039,20564,0.061738857711017836,True
case_032,4,direct_affinity,direct_affinity,9786,20636,0.0619642011301395,True
case_032,4,private_cache_affinity,private_cache_affinity,9905,24736,0.04741282857932632,False
case_032,4,l2_scatter_0,l2_scatter,10228,26708,0.06719458049160068,False
case_032,4,l2_scatter_1,l2_scatter,12193,26716,0.08728119217163297,False
case_032,4,adaptive_partition_l2,adaptive_partition,11440,145824,0.33282804982534764,False
case_032,5,baseline_a_problem2_plan,problem2_plan,8645,143652,0.3201256582153316,True
case_032,5,direct_affinity,direct_affinity,9760,160060,0.3548379750871041,False
case_032,5,private_cache_affinity,private_cache_affinity,9663,127272,0.30281135567192974,False
case_032,5,l2_scatter_0,l2_scatter,9755,143652,0.3298244286004911,False
case_032,5,l2_scatter_1,l2_scatter,9621,145708,0.31858394579859034,False
case_032,5,adaptive_partition_l2,adaptive_partition,10820,195060,0.39353807078757397,False
case_033,1,baseline_a_problem2_plan,problem2_plan,1774080,4592640,0.09627692445862406,True
case_033,2,baseline_a_problem2_plan,problem2_plan,890312,6650400,0.1932413800138389,True
case_033,2,direct_affinity,direct_affinity,890312,6650400,0.1932413800138389,False
case_033,2,l2_scatter_0,l2_scatter,1263642,6095932,0.16637544601759627,False
case_033,2,adaptive_partition_l2,adaptive_partition,907335,12417328,0.07163095725420854,False
case_033,3,baseline_a_problem2_plan,problem2_plan,591086,13754720,0.1984968216649251,True
case_033,3,private_cache_affinity,private_cache_affinity,591618,13275976,0.18463054982868446,False
case_033,3,l2_scatter_0,l2_scatter,593728,13767008,0.19493576473453483,False
case_033,3,l2_scatter_1,l2_scatter,590881,13754464,0.19841729486807771,True
case_033,3,fifo_reuse_reorder,reuse_window_reorder,593728,13767008,0.19493576473453483,False
case_033,3,adaptive_partition_l2,adaptive_partition,592928,13668680,0.19560896168711195,False
case_033,4,baseline_a_problem2_plan,problem2_plan,440231,13313664,0.17060623082769835,True
case_033,4,direct_affinity,direct_affinity,441754,14675832,0.2616851975707837,False
case_033,4,l2_scatter_0,l2_scatter,441987,13297280,0.17310337349909163,False
case_033,4,l2_scatter_1,l2_scatter,441949,13324928,0.17226375684022976,False
case_033,4,fifo_reuse_reorder,reuse_window_reorder,441479,13301376,0.1724507403715341,False
case_033,4,adaptive_partition_l2,adaptive_partition,445675,14585472,0.2588785618444015,False
case_033,5,baseline_a_problem2_plan,problem2_plan,356663,7258756,0.477747089962538,True
case_033,5,direct_affinity,direct_affinity,370894,8034432,0.5504114783378146,False
case_033,5,private_cache_affinity,private_cache_affinity,368544,4980864,0.4360978580854736,False
case_033,5,l2_scatter_0,l2_scatter,368209,7765636,0.4098381093027244,False
case_033,5,l2_scatter_1,l2_scatter,371678,8046724,0.357589487555985,False
case_033,5,adaptive_partition_l2,adaptive_partition,370083,15927472,0.3263507449397872,False
case_034,1,baseline_a_problem2_plan,problem2_plan,842733,1079832,0.309046599146855,True
case_034,2,baseline_a_problem2_plan,problem2_plan,417538,1651200,0.41182096793230744,True
case_034,2,adaptive_partition_l2,adaptive_partition,441027,3596856,0.23938300436490126,False
case_034,3,baseline_a_problem2_plan,problem2_plan,278366,5531744,0.34325009402418355,True
case_034,3,direct_affinity,direct_affinity,281832,5900912,0.35469950576246245,False
case_034,3,l2_scatter_0,l2_scatter,281530,5573728,0.32595689491824015,False
case_034,3,l2_scatter_1,l2_scatter,280985,5556324,0.3161160457414251,False
case_034,3,fifo_reuse_reorder,reuse_window_reorder,280810,5564512,0.32062147978454614,False
case_034,3,adaptive_partition_l2,adaptive_partition,280874,5921392,0.3507669903736676,False
case_034,4,baseline_a_problem2_plan,problem2_plan,208686,6320776,0.33910474762786974,True
case_034,4,direct_affinity,direct_affinity,214021,6559376,0.34076385635743955,False
case_034,4,l2_scatter_0,l2_scatter,208738,6329992,0.32966918840137416,False
case_034,4,l2_scatter_1,l2_scatter,209043,6388368,0.32844518391009736,False
case_034,4,fifo_reuse_reorder,reuse_window_reorder,208738,6320776,0.33152461366340047,False
case_034,4,adaptive_partition_l2,adaptive_partition,209034,6666912,0.3893958146802198,False
case_034,5,baseline_a_problem2_plan,problem2_plan,173577,3350528,0.5626031877740426,True
case_034,5,direct_affinity,direct_affinity,173577,3350528,0.5626031877740426,False
case_034,5,adaptive_partition_l2,adaptive_partition,170261,7256776,0.3448670128312336,True
case_035,1,baseline_a_problem2_plan,problem2_plan,169571,0,0.0,True
case_035,2,baseline_a_problem2_plan,problem2_plan,92356,319022,0.15302877401707585,True
case_035,2,direct_affinity,direct_affinity,97892,389374,0.23729141835518475,False
case_035,2,private_cache_affinity,private_cache_affinity,114891,318574,0.1452016328055174,False
case_035,2,l2_scatter_0,l2_scatter,121573,319022,0.15302877401707585,False
case_035,2,adaptive_partition_l2,adaptive_partition,93310,409942,0.24032079807731666,False
case_035,3,baseline_a_problem2_plan,problem2_plan,62943,475492,0.2881176434990469,True
case_035,3,direct_affinity,direct_affinity,69349,637244,0.3779235629064113,False
case_035,3,private_cache_affinity,private_cache_affinity,67397,552816,0.31840905037327694,False
case_035,3,l2_scatter_0,l2_scatter,83280,475500,0.28318401500793583,False
case_035,3,fifo_reuse_reorder,reuse_window_reorder,75092,475492,0.28177719584418726,False
case_035,3,adaptive_partition_l2,adaptive_partition,67314,640072,0.33573474051527136,False
case_035,4,baseline_a_problem2_plan,problem2_plan,48316,663552,0.3385748978262157,True
case_035,4,direct_affinity,direct_affinity,53488,629662,0.3156714359971789,False
case_035,4,private_cache_affinity,private_cache_affinity,53942,762090,0.38788601295654423,False
case_035,4,l2_scatter_0,l2_scatter,63441,663552,0.3306900432387609,False
case_035,4,adaptive_partition_l2,adaptive_partition,50051,738142,0.39563510126033674,False
case_035,5,baseline_a_problem2_plan,problem2_plan,40706,710220,0.40851178764668683,True
case_035,5,direct_affinity,direct_affinity,42347,721560,0.4120432616911189,False
case_035,5,private_cache_affinity,private_cache_affinity,42153,709326,0.3756134059534081,False
case_035,5,l2_scatter_0,l2_scatter,46944,702036,0.40367562010024416,False
case_035,5,l2_scatter_1,l2_scatter,46944,644692,0.3632218557305987,False
case_035,5,fifo_reuse_reorder,reuse_window_reorder,46944,710220,0.4118495713583023,False
case_035,5,adaptive_partition_l2,adaptive_partition,42442,799318,0.43582037279121005,False
case_036,1,baseline_a_problem2_plan,problem2_plan,931510,0,0.0,True
case_036,2,baseline_a_problem2_plan,problem2_plan,466068,1152,0.0,True
case_036,2,l2_scatter_0,l2_scatter,931510,0,0.0,False
case_036,2,adaptive_partition_l2,adaptive_partition,466068,1152,0.0,False
case_036,3,baseline_a_problem2_plan,problem2_plan,311345,2304,0.0,True
case_036,3,l2_scatter_0,l2_scatter,620811,1152,0.0,False
case_036,3,adaptive_partition_l2,adaptive_partition,311345,2304,0.0,False
case_036,4,baseline_a_problem2_plan,problem2_plan,233584,3456,0.0,True
case_036,4,l2_scatter_0,l2_scatter,466088,2304,0.0,False
case_036,4,adaptive_partition_l2,adaptive_partition,233584,3456,0.0,False
case_036,5,baseline_a_problem2_plan,problem2_plan,187182,4608,0.0,True
case_036,5,l2_scatter_0,l2_scatter,373057,3456,0.0,False
case_036,5,adaptive_partition_l2,adaptive_partition,187182,4608,0.0,False
case_037,1,baseline_a_problem2_plan,problem2_plan,210001,0,0.0,True
case_037,2,baseline_a_problem2_plan,problem2_plan,105374,204800,0.0,True
case_037,2,adaptive_partition_l2,adaptive_partition,105374,573440,0.06363636363636363,False
case_037,3,baseline_a_problem2_plan,problem2_plan,70894,1077248,0.2792207792207792,True
case_037,3,direct_affinity,direct_affinity,70894,1220608,0.41316526610644255,False
case_037,3,l2_scatter_0,l2_scatter,71873,1073152,0.2597402597402597,False
case_037,3,l2_scatter_1,l2_scatter,70894,1093632,0.28205128205128205,False
case_037,3,fifo_reuse_reorder,reuse_window_reorder,70894,1077248,0.2792207792207792,False
case_037,3,adaptive_partition_l2,adaptive_partition,70894,1220608,0.36134453781512604,False
case_037,4,baseline_a_problem2_plan,problem2_plan,53320,614400,0.0,True
case_037,4,l2_scatter_0,l2_scatter,57305,679936,0.3554421768707483,False
case_037,4,l2_scatter_1,l2_scatter,57305,761856,0.3926282051282051,False
case_037,4,adaptive_partition_l2,adaptive_partition,53320,1024000,0.2777777777777778,False
case_037,5,baseline_a_problem2_plan,problem2_plan,43013,1445888,0.42336683417085424,True
case_037,5,direct_affinity,direct_affinity,43013,2297856,0.5922570016474464,False
case_037,5,l2_scatter_0,l2_scatter,43964,1466368,0.4191542288557214,False
case_037,5,l2_scatter_1,l2_scatter,43785,1490944,0.4103194103194103,False
case_037,5,fifo_reuse_reorder,reuse_window_reorder,43013,1445888,0.42839195979899497,False
case_037,5,adaptive_partition_l2,adaptive_partition,43013,2297856,0.5222405271828665,False
case_038,1,baseline_a_problem2_plan,problem2_plan,1363312,5627904,0.1736168151396097,True
case_038,2,baseline_a_problem2_plan,problem2_plan,671734,4807680,0.2230392629188503,True
case_038,2,direct_affinity,direct_affinity,671749,4901888,0.21440802098088102,False
case_038,2,private_cache_affinity,private_cache_affinity,671914,4679680,0.20702058390191982,False
case_038,2,l2_scatter_0,l2_scatter,675949,4881408,0.21319061788537494,False
case_038,2,l2_scatter_1,l2_scatter,674443,4849152,0.21259670817260945,False
case_038,2,fifo_reuse_reorder,reuse_window_reorder,673683,4853760,0.21451966593255997,False
case_038,2,adaptive_partition_l2,adaptive_partition,675189,4889600,0.21591849603248017,False
case_038,3,baseline_a_problem2_plan,problem2_plan,446710,7970816,0.4444183322742147,True
case_038,3,private_cache_affinity,private_cache_affinity,447003,8067584,0.4045657998781677,False
case_038,3,l2_scatter_0,l2_scatter,451687,7937536,0.4401106008615801,False
case_038,3,l2_scatter_1,l2_scatter,455820,8015360,0.4452985479716872,False
case_038,3,fifo_reuse_reorder,reuse_window_reorder,450536,8003072,0.44439927170170734,False
case_038,3,adaptive_partition_l2,adaptive_partition,450536,8043008,0.4452771209605742,False
case_038,4,baseline_a_problem2_plan,problem2_plan,338262,9618944,0.4689169534754752,True
case_038,4,direct_affinity,direct_affinity,338262,9710080,0.4797521758348452,False
case_038,4,l2_scatter_0,l2_scatter,341953,9553408,0.4510118624058685,False
case_038,4,l2_scatter_1,l2_scatter,338641,9643520,0.45024178473027565,False
case_038,4,fifo_reuse_reorder,reuse_window_reorder,340136,9618944,0.4484984959195265,False
case_038,4,adaptive_partition_l2,adaptive_partition,340136,9728512,0.46157251719057885,False
case_038,5,baseline_a_problem2_plan,problem2_plan,272099,11258368,0.5336697263160187,True
case_038,5,direct_affinity,direct_affinity,272402,11963392,0.5375124974843383,False
case_038,5,l2_scatter_0,l2_scatter,272780,11225600,0.5244164303962433,False
case_038,5,l2_scatter_1,l2_scatter,272733,11156992,0.5197658722798386,False
case_038,5,fifo_reuse_reorder,reuse_window_reorder,274596,11258368,0.5225624964588048,False
case_038,5,adaptive_partition_l2,adaptive_partition,272985,11783680,0.5448553175877346,False
case_039,1,baseline_a_problem2_plan,problem2_plan,1435262,7929856,0.0,True
case_039,2,baseline_a_problem2_plan,problem2_plan,690740,4431872,0.35,True
case_039,2,direct_affinity,direct_affinity,700902,5521408,0.3586698337292161,False
case_039,2,private_cache_affinity,private_cache_affinity,694159,4333568,0.26519337016574585,False
case_039,2,l2_scatter_0,l2_scatter,701921,6905856,0.28337531486146095,False
case_039,2,adaptive_partition_l2,adaptive_partition,700926,5578752,0.3134469696969697,False
case_039,3,baseline_a_problem2_plan,problem2_plan,461085,12410880,0.4827586206896552,True
case_039,3,direct_affinity,direct_affinity,464411,8773632,0.4760921912624699,False
case_039,3,private_cache_affinity,private_cache_affinity,461028,5701632,0.26,True
case_039,3,l2_scatter_0,l2_scatter,462016,12476416,0.5197202797202797,False
case_039,3,fifo_reuse_reorder,reuse_window_reorder,462040,12484608,0.5145413870246085,False
case_039,3,adaptive_partition_l2,adaptive_partition,464411,8773632,0.48159614723082217,False
case_039,4,baseline_a_problem2_plan,problem2_plan,348018,9986048,0.47665687234737186,True
case_039,4,direct_affinity,direct_affinity,348084,11034624,0.5243055555555556,False
case_039,4,l2_scatter_0,l2_scatter,348979,9986048,0.46196539340515835,False
case_039,4,l2_scatter_1,l2_scatter,348979,10010624,0.4546936114732725,False
case_039,4,fifo_reuse_reorder,reuse_window_reorder,348433,9986048,0.4394384590270976,False
case_039,4,adaptive_partition_l2,adaptive_partition,349239,11034624,0.43894675925925924,False
case_039,5,baseline_a_problem2_plan,problem2_plan,279353,11583488,0.5594087549744173,True
case_039,5,direct_affinity,direct_affinity,280313,16121856,0.5179948586118251,False
case_039,5,l2_scatter_0,l2_scatter,280624,11583488,0.5025582717453099,False
case_039,5,adaptive_partition_l2,adaptive_partition,286918,16121856,0.4796486718080548,False
case_040,1,baseline_a_problem2_plan,problem2_plan,253454,0,0.0,True
case_040,2,baseline_a_problem2_plan,problem2_plan,132943,452754,0.13295368721463058,True
case_040,2,direct_affinity,direct_affinity,139986,698462,0.2548957981424766,False
case_040,2,private_cache_affinity,private_cache_affinity,141453,486966,0.18185439807014617,False
case_040,2,l2_scatter_0,l2_scatter,149677,485522,0.15240348640744636,False
case_040,2,l2_scatter_1,l2_scatter,149677,551058,0.19451440007884224,False
case_040,2,fifo_reuse_reorder,reuse_window_reorder,149611,452754,0.12965253533379315,False
case_040,2,adaptive_partition_l2,adaptive_partition,135351,599098,0.2524281794391768,False
case_040,3,baseline_a_problem2_plan,problem2_plan,90251,1265744,0.37079828189427655,True
case_040,3,direct_affinity,direct_affinity,95515,1049680,0.3071120459417562,False
case_040,3,private_cache_affinity,private_cache_affinity,97844,912688,0.3014644836535801,False
case_040,3,l2_scatter_0,l2_scatter,99072,1232980,0.40130170813199656,False
case_040,3,l2_scatter_1,l2_scatter,96888,1200208,0.3695373741189138,False
case_040,3,fifo_reuse_reorder,reuse_window_reorder,96840,1265744,0.3911908300613999,False
case_040,3,adaptive_partition_l2,adaptive_partition,94835,1018960,0.34461647190309486,False
case_040,4,baseline_a_problem2_plan,problem2_plan,70016,1405678,0.3882389590569574,True
case_040,4,direct_affinity,direct_affinity,72340,1215532,0.37671508262056935,False
case_040,4,private_cache_affinity,private_cache_affinity,71896,1438652,0.3700061250195858,False
case_040,4,l2_scatter_0,l2_scatter,77867,1405682,0.39889009753503835,False
case_040,4,l2_scatter_1,l2_scatter,77823,1422066,0.4038456893740867,False
case_040,4,fifo_reuse_reorder,reuse_window_reorder,77674,1405678,0.393402882421047,False
case_040,4,adaptive_partition_l2,adaptive_partition,71486,1387932,0.36438742295030924,False
case_040,5,baseline_a_problem2_plan,problem2_plan,57774,1897242,0.37243952285654364,True
case_040,5,direct_affinity,direct_affinity,61633,1433258,0.3644625139346371,False
case_040,5,private_cache_affinity,private_cache_affinity,61893,1599862,0.34037005871105264,False
case_040,5,l2_scatter_0,l2_scatter,60978,1880858,0.4074422414449108,False
case_040,5,l2_scatter_1,l2_scatter,62507,1831706,0.41059886060239775,False
case_040,5,fifo_reuse_reorder,reuse_window_reorder,60978,1897242,0.4115638258760918,False
case_040,5,adaptive_partition_l2,adaptive_partition,62205,1635768,0.3561677957930767,False
case_041,1,baseline_a_problem2_plan,problem2_plan,6001575,30898176,0.10163681549404405,True
case_041,2,baseline_a_problem2_plan,problem2_plan,2965687,49489160,0.10017098607674177,True
case_041,3,baseline_a_problem2_plan,problem2_plan,1992248,56698112,0.2508812638854604,True
case_041,4,baseline_a_problem2_plan,problem2_plan,1503434,46354704,0.20434002212986357,True
case_041,5,baseline_a_problem2_plan,problem2_plan,1199720,38206464,0.23690205011389523,True
case_042,1,baseline_a_problem2_plan,problem2_plan,1675633,6629376,0.3186917583766532,True
case_042,2,baseline_a_problem2_plan,problem2_plan,854134,11024024,0.07283814831692287,True
case_042,2,direct_affinity,direct_affinity,861457,11112828,0.07851441240109235,False
case_042,2,private_cache_affinity,private_cache_affinity,859204,10968684,0.06695596325363186,False
case_042,2,l2_scatter_0,l2_scatter,860022,11007352,0.07604323498348352,False
case_042,2,l2_scatter_1,l2_scatter,857882,10974596,0.07241007479996822,False
case_042,2,fifo_reuse_reorder,reuse_window_reorder,860022,11007352,0.07604323498348352,False
case_042,2,adaptive_partition_l2,adaptive_partition,855586,10708608,0.09403218075737772,False
case_042,3,baseline_a_problem2_plan,problem2_plan,570958,8848680,0.3835850025167513,True
case_042,3,direct_affinity,direct_affinity,594167,8687908,0.41223521543149544,False
case_042,3,private_cache_affinity,private_cache_affinity,588068,8925480,0.43331088212691465,False
case_042,3,l2_scatter_0,l2_scatter,584471,8925480,0.43331088212691465,False
case_042,3,adaptive_partition_l2,adaptive_partition,568901,15920820,0.38631493042545906,True
case_042,4,baseline_a_problem2_plan,problem2_plan,434889,8569704,0.368700184710074,True
case_042,4,direct_affinity,direct_affinity,439075,8344132,0.3150207847690796,False
case_042,4,private_cache_affinity,private_cache_affinity,457477,8354380,0.36499807903407977,False
case_042,4,l2_scatter_0,l2_scatter,431543,8179560,0.3189939668512563,True
case_042,4,adaptive_partition_l2,adaptive_partition,446098,12316400,0.22565704420476232,False
case_042,5,baseline_a_problem2_plan,problem2_plan,342617,9994092,0.44331927557133616,True
case_042,5,direct_affinity,direct_affinity,350123,9544548,0.42800570299861973,False
case_042,5,private_cache_affinity,private_cache_affinity,380739,9938796,0.4461507001208215,False
case_042,5,l2_scatter_0,l2_scatter,357336,9917292,0.4127289700008308,False
case_042,5,l2_scatter_1,l2_scatter,539614,10454892,0.39680334772303716,False
case_042,5,adaptive_partition_l2,adaptive_partition,375348,19864872,0.492093622611665,False
case_043,1,baseline_a_problem2_plan,problem2_plan,677656,49160,0.03320740032104811,True
case_043,2,baseline_a_problem2_plan,problem2_plan,343112,1892732,0.35369259668144143,True
case_043,2,private_cache_affinity,private_cache_affinity,348521,1774876,0.3388894891274679,False
case_043,2,l2_scatter_0,l2_scatter,348952,1926012,0.3386274766446884,False
case_043,2,l2_scatter_1,l2_scatter,349966,1926012,0.32257189291187427,False
case_043,2,fifo_reuse_reorder,reuse_window_reorder,347760,1892732,0.35369259668144143,False
case_043,2,adaptive_partition_l2,adaptive_partition,350029,1748796,0.33607983272490444,False
case_043,3,baseline_a_problem2_plan,problem2_plan,231143,3228256,0.47689203934725255,True
case_043,3,direct_affinity,direct_affinity,234438,3165232,0.4803750656548832,False
case_043,3,private_cache_affinity,private_cache_affinity,233301,2979448,0.4673533461561129,False
case_043,3,l2_scatter_0,l2_scatter,254322,3228256,0.4652782304057357,False
case_043,3,l2_scatter_1,l2_scatter,256455,3215712,0.4632478946337642,False
case_043,3,fifo_reuse_reorder,reuse_window_reorder,255382,3228256,0.4634722810331911,False
case_043,3,adaptive_partition_l2,adaptive_partition,237291,3046926,0.465583720763514,False
case_043,4,baseline_a_problem2_plan,problem2_plan,175177,4040330,0.4719377182206484,True
case_043,4,direct_affinity,direct_affinity,176695,3717588,0.4817065547002566,False
case_043,4,private_cache_affinity,private_cache_affinity,181181,3906608,0.5129245836313384,False
case_043,4,l2_scatter_0,l2_scatter,200763,4065162,0.47668560731091086,False
case_043,4,l2_scatter_1,l2_scatter,200188,4032266,0.4777317507767331,False
case_043,4,fifo_reuse_reorder,reuse_window_reorder,199350,4040330,0.47617614926434887,False
case_043,4,adaptive_partition_l2,adaptive_partition,187985,4048086,0.49348130330296364,False
case_043,5,baseline_a_problem2_plan,problem2_plan,145155,4818418,0.5080446531510957,True
case_043,5,private_cache_affinity,private_cache_affinity,146628,4284882,0.4711105644316379,False
case_043,5,l2_scatter_0,l2_scatter,145897,4876274,0.5108811035223088,False
case_043,5,l2_scatter_1,l2_scatter,146889,4876530,0.5193816861737302,False
case_043,5,fifo_reuse_reorder,reuse_window_reorder,145683,4818418,0.5076721166939407,False
case_043,5,adaptive_partition_l2,adaptive_partition,144378,4991280,0.5144164986488701,True
case_044,1,baseline_a_problem2_plan,problem2_plan,107814,4438112,0.8199885718367201,True
case_044,2,baseline_a_problem2_plan,problem2_plan,58982,1017696,0.19243415590022916,True
case_044,2,private_cache_affinity,private_cache_affinity,57481,938336,0.25965614296856454,True
case_044,2,l2_scatter_1,l2_scatter,58919,1001824,0.19443054860763714,False
case_044,2,adaptive_partition_l2,adaptive_partition,67839,3019616,0.5606596956003981,False
case_044,3,baseline_a_problem2_plan,problem2_plan,65599,3738560,0.4643002546285115,True
case_044,3,direct_affinity,direct_affinity,69785,4389312,0.49418868198219434,False
case_044,3,l2_scatter_0,l2_scatter,60589,3960768,0.5018538641377721,True
case_044,3,fifo_reuse_reorder,reuse_window_reorder,60309,3738560,0.4643002546285115,True
case_044,3,adaptive_partition_l2,adaptive_partition,60398,3952576,0.4897012200346698,False
case_044,4,baseline_a_problem2_plan,problem2_plan,68411,4429344,0.3987961053287927,True
case_044,4,private_cache_affinity,private_cache_affinity,67225,4430368,0.39875785334036734,True
case_044,4,l2_scatter_0,l2_scatter,69826,4866848,0.4514788966434031,False
case_044,4,adaptive_partition_l2,adaptive_partition,66844,4886048,0.4506303915063039,True
case_044,5,baseline_a_problem2_plan,problem2_plan,81806,4948224,0.27871818276225824,True
case_044,5,direct_affinity,direct_affinity,87820,5362048,0.29004150013016644,False
case_044,5,l2_scatter_0,l2_scatter,81013,5162240,0.3501494000284571,True
case_044,5,l2_scatter_1,l2_scatter,81400,5111040,0.30293603987620965,False
case_044,5,fifo_reuse_reorder,reuse_window_reorder,78109,4948224,0.3316808683912789,True
case_044,5,adaptive_partition_l2,adaptive_partition,88873,5396864,0.28217279978823806,False
case_045,1,baseline_a_problem2_plan,problem2_plan,125614,0,0.0,True
case_045,2,baseline_a_problem2_plan,problem2_plan,63059,0,0.0,True
case_045,2,adaptive_partition_l2,adaptive_partition,63059,0,0.0,False
case_045,3,baseline_a_problem2_plan,problem2_plan,42601,0,0.0,True
case_045,3,direct_affinity,direct_affinity,42601,0,0.0,False
case_045,3,adaptive_partition_l2,adaptive_partition,42601,0,0.0,False
case_045,4,baseline_a_problem2_plan,problem2_plan,31878,0,0.0,True
case_045,4,adaptive_partition_l2,adaptive_partition,31878,0,0.0,False
case_045,5,baseline_a_problem2_plan,problem2_plan,26164,0,0.0,True
case_045,5,direct_affinity,direct_affinity,26164,0,0.0,False
case_045,5,adaptive_partition_l2,adaptive_partition,26164,0,0.0,False
case_046,1,baseline_a_problem2_plan,problem2_plan,244994,3176288,0.7530304668077024,True
case_046,2,baseline_a_problem2_plan,problem2_plan,120196,963168,0.0,True
case_046,3,baseline_a_problem2_plan,problem2_plan,83855,2133184,0.3386329373777117,True
case_046,3,direct_affinity,direct_affinity,83345,2022592,0.38073659328329756,True
case_046,3,private_cache_affinity,private_cache_affinity,80251,2022592,0.38579100445528913,True
case_046,3,l2_scatter_0,l2_scatter,81377,2130112,0.41890865523475357,False
case_046,3,l2_scatter_1,l2_scatter,80251,2123968,0.5180275204797344,False
case_046,3,adaptive_partition_l2,adaptive_partition,84360,2271424,0.4479929772492136,False
case_046,4,baseline_a_problem2_plan,problem2_plan,81580,2791200,0.0,True
case_046,5,baseline_a_problem2_plan,problem2_plan,98592,4143488,0.1229825630541194,True
case_046,5,direct_affinity,direct_affinity,100787,4198784,0.11518669412896519,False
case_046,5,adaptive_partition_l2,adaptive_partition,100894,4261248,0.11100060954091945,False
case_047,1,baseline_a_problem2_plan,problem2_plan,326508,0,0.0,True
case_047,2,baseline_a_problem2_plan,problem2_plan,172114,716358,0.18029239375097503,True
case_047,3,baseline_a_problem2_plan,problem2_plan,122956,1046218,0.32474996776088605,True
case_047,4,baseline_a_problem2_plan,problem2_plan,105305,1591442,0.34949282956575567,True
case_047,5,baseline_a_problem2_plan,problem2_plan,94534,1914264,0.5569561348365976,True
case_048,1,baseline_a_problem2_plan,problem2_plan,222220,0,0.0,True
case_048,2,baseline_a_problem2_plan,problem2_plan,128562,501446,0.2001612561692701,True
case_048,2,direct_affinity,direct_affinity,128891,484804,0.20019660051821034,False
case_048,2,l2_scatter_0,l2_scatter,131981,488966,0.1980056039062199,False
case_048,2,adaptive_partition_l2,adaptive_partition,128891,484804,0.20019660051821034,False
case_048,3,baseline_a_problem2_plan,problem2_plan,97853,488236,0.0674359770250708,True
case_048,3,direct_affinity,direct_affinity,98214,503594,0.06264134736658983,False
case_048,3,l2_scatter_0,l2_scatter,106677,494636,0.15609989206647387,False
case_048,3,fifo_reuse_reorder,reuse_window_reorder,97862,488236,0.06752387728025623,False
case_048,3,adaptive_partition_l2,adaptive_partition,101196,503722,0.06298650894301833,False
case_048,4,baseline_a_problem2_plan,problem2_plan,97927,495154,0.07140592023969644,True
case_048,4,direct_affinity,direct_affinity,97939,510514,0.06512352692919521,False
case_048,4,l2_scatter_0,l2_scatter,98301,503474,0.24993476062586306,False
case_048,4,l2_scatter_1,l2_scatter,103468,506866,0.24918666565451725,False
case_048,4,fifo_reuse_reorder,reuse_window_reorder,97927,495154,0.07140592023969644,False
case_048,5,baseline_a_problem2_plan,problem2_plan,98798,501904,0.21648766391201066,True
case_048,5,direct_affinity,direct_affinity,99562,536856,0.06339321548271179,False
case_048,5,l2_scatter_0,l2_scatter,99969,547352,0.22232927159918608,False
case_048,5,l2_scatter_1,l2_scatter,107503,533208,0.25728566882132226,False
case_048,5,adaptive_partition_l2,adaptive_partition,106879,650102,0.1567210915887113,False
case_049,1,baseline_a_problem2_plan,problem2_plan,196276,0,0.0,True
case_049,2,baseline_a_problem2_plan,problem2_plan,100791,204974,0.099246427799435,True
case_049,2,direct_affinity,direct_affinity,101005,276726,0.08108215084406974,False
case_049,2,private_cache_affinity,private_cache_affinity,103535,281510,0.052313207124453906,False
case_049,2,l2_scatter_0,l2_scatter,105130,219566,0.10366466407848411,False
case_049,2,l2_scatter_1,l2_scatter,110487,223790,0.10287924119474519,False
case_049,2,fifo_reuse_reorder,reuse_window_reorder,104849,204974,0.09161380729123964,False
case_049,2,adaptive_partition_l2,adaptive_partition,102564,299814,0.07025950905761268,False
case_049,3,baseline_a_problem2_plan,problem2_plan,69280,399188,0.25941355034554026,True
case_049,3,direct_affinity,direct_affinity,71050,423508,0.25077550850456976,False
case_049,3,private_cache_affinity,private_cache_affinity,71412,434716,0.23728796123895443,False
case_049,3,l2_scatter_0,l2_scatter,82290,399124,0.19742706426956616,False
case_049,3,fifo_reuse_reorder,reuse_window_reorder,82179,399188,0.19603220736721996,False
case_049,3,adaptive_partition_l2,adaptive_partition,69747,670740,0.22177627564192837,False
case_049,4,baseline_a_problem2_plan,problem2_plan,52311,563394,0.3548833455048622,True
case_049,4,direct_affinity,direct_affinity,53405,562392,0.3717277035016701,False
case_049,4,private_cache_affinity,private_cache_affinity,54132,555416,0.3528073693989356,False
case_049,4,l2_scatter_0,l2_scatter,56102,584258,0.3592823108124445,False
case_049,4,l2_scatter_1,l2_scatter,56448,579906,0.36413546460742147,False
case_049,4,fifo_reuse_reorder,reuse_window_reorder,56015,563394,0.3647913970779789,False
case_049,4,adaptive_partition_l2,adaptive_partition,55362,1093250,0.25294215967535544,False
case_049,5,baseline_a_problem2_plan,problem2_plan,44776,745118,0.4163761394530625,True
case_049,5,direct_affinity,direct_affinity,51026,760160,0.4297412553569049,False
case_049,5,private_cache_affinity,private_cache_affinity,49690,750688,0.40980557186202604,False
case_049,5,l2_scatter_0,l2_scatter,56362,729054,0.43124283383910905,False
case_049,5,fifo_reuse_reorder,reuse_window_reorder,55861,745118,0.4310499848961387,False
case_049,5,adaptive_partition_l2,adaptive_partition,48828,1473238,0.28370548806486034,False
case_050,1,baseline_a_problem2_plan,problem2_plan,149690,0,0.0,True
case_050,2,baseline_a_problem2_plan,problem2_plan,76607,316766,0.21830768026422226,True
case_050,2,direct_affinity,direct_affinity,78760,299270,0.2508942258559019,False
case_050,2,private_cache_affinity,private_cache_affinity,79226,265470,0.21596609139379683,False
case_050,2,l2_scatter_0,l2_scatter,81025,316766,0.21639534927066753,False
case_050,2,l2_scatter_1,l2_scatter,82389,324958,0.22818013254759414,False
case_050,2,adaptive_partition_l2,adaptive_partition,80118,281534,0.21791370835608956,False
case_050,3,baseline_a_problem2_plan,problem2_plan,51616,447188,0.3337710034062149,True
case_050,3,direct_affinity,direct_affinity,53864,497124,0.3766047789036633,False
case_050,3,private_cache_affinity,private_cache_affinity,53496,421676,0.2871006834075016,False
case_050,3,l2_scatter_0,l2_scatter,60256,447188,0.31245520224797496,False
case_050,3,l2_scatter_1,l2_scatter,63866,455380,0.3212722525219003,False
case_050,3,adaptive_partition_l2,adaptive_partition,54680,457940,0.33462795508089566,False
case_050,4,baseline_a_problem2_plan,problem2_plan,40549,732042,0.38838909227701546,True
case_050,4,direct_affinity,direct_affinity,42416,566448,0.35047395425689193,False
case_050,4,private_cache_affinity,private_cache_affinity,41965,693210,0.34446092139452333,False
case_050,4,l2_scatter_0,l2_scatter,45109,732042,0.40011211616808573,False
case_050,4,adaptive_partition_l2,adaptive_partition,42000,654874,0.36692390977603623,False
case_050,5,baseline_a_problem2_plan,problem2_plan,33022,704646,0.40325471160061344,True
case_050,5,direct_affinity,direct_affinity,36343,724894,0.40959920605785954,False
case_050,5,private_cache_affinity,private_cache_affinity,36729,689190,0.43297256955676744,False
case_050,5,l2_scatter_0,l2_scatter,39892,704646,0.3961546748456927,False
case_050,5,adaptive_partition_l2,adaptive_partition,36322,879212,0.3959473530853378,False
case_051,1,baseline_a_problem2_plan,problem2_plan,607628,0,0.0,True
case_051,2,baseline_a_problem2_plan,problem2_plan,366212,393864,0.4997940911794762,True
case_051,2,direct_affinity,direct_affinity,367788,393896,0.4997839272368615,False
case_051,2,l2_scatter_0,l2_scatter,363318,393872,0.4997915501550663,True
case_051,2,l2_scatter_1,l2_scatter,371702,393888,0.4997864681837594,False
case_051,2,fifo_reuse_reorder,reuse_window_reorder,366212,393864,0.4997940911794762,False
case_051,2,adaptive_partition_l2,adaptive_partition,368356,393880,0.4997890091564942,False
case_051,3,baseline_a_problem2_plan,problem2_plan,301113,393992,0.4998119010701304,True
case_051,3,direct_affinity,direct_affinity,314194,754420,0.6569664364946681,False
case_051,3,private_cache_affinity,private_cache_affinity,314194,754420,0.6569664364946681,False
case_051,3,l2_scatter_0,l2_scatter,297321,394000,0.49980936016186595,True
case_051,3,l2_scatter_1,l2_scatter,304510,426776,0.5198048794772059,False
case_051,3,adaptive_partition_l2,adaptive_partition,314457,754420,0.6569664364946681,False
case_051,4,baseline_a_problem2_plan,problem2_plan,262999,525320,0.5712075989629856,True
case_051,4,direct_affinity,direct_affinity,271331,1115144,0.7389385108804359,False
case_051,4,private_cache_affinity,private_cache_affinity,270937,1115144,0.7389385108804359,False
case_051,4,l2_scatter_0,l2_scatter,258807,590864,0.5997763227459433,True
case_051,4,l2_scatter_1,l2_scatter,261169,590876,0.5997726639595106,False
case_051,4,adaptive_partition_l2,adaptive_partition,271594,1115144,0.7389385108804359,False
case_051,5,baseline_a_problem2_plan,problem2_plan,208027,328816,0.45437887406717453,True
case_051,5,direct_affinity,direct_affinity,225717,820312,0.675471486563581,False
case_051,5,private_cache_affinity,private_cache_affinity,225717,820312,0.675471486563581,False
case_051,5,l2_scatter_0,l2_scatter,206331,328820,0.4089589807419892,True
case_051,5,l2_scatter_1,l2_scatter,205152,361596,0.43463469090658385,True
case_051,5,adaptive_partition_l2,adaptive_partition,225851,820312,0.675471486563581,False
case_052,1,baseline_a_problem2_plan,problem2_plan,180301,0,0.0,True
case_052,2,baseline_a_problem2_plan,problem2_plan,85209,430632,0.09001209683296169,True
case_052,2,direct_affinity,direct_affinity,86672,430632,0.09001209683296169,False
case_052,2,l2_scatter_0,l2_scatter,85209,430632,0.09420955212569046,False
case_052,2,l2_scatter_1,l2_scatter,86625,439848,0.11889522648437613,False
case_052,3,baseline_a_problem2_plan,problem2_plan,58867,577600,0.12950551843133146,True
case_052,3,direct_affinity,direct_affinity,58857,596032,0.14244337002764168,True
case_052,3,l2_scatter_0,l2_scatter,58875,577600,0.12950551843133146,False
case_052,3,l2_scatter_1,l2_scatter,62043,586816,0.14725331860204396,False
case_052,3,fifo_reuse_reorder,reuse_window_reorder,58875,577600,0.12950551843133146,False
case_052,3,adaptive_partition_l2,adaptive_partition,62385,698432,0.174960431199652,False
case_052,4,baseline_a_problem2_plan,problem2_plan,44532,732232,0.16307252134023786,True
case_052,4,private_cache_affinity,private_cache_affinity,45421,660520,0.1062338887142408,False
case_052,4,l2_scatter_0,l2_scatter,44532,732232,0.15966754155730534,False
case_052,4,l2_scatter_1,l2_scatter,45948,723016,0.17463876432486297,False
case_052,4,adaptive_partition_l2,adaptive_partition,46384,924744,0.1956578803456196,False
case_052,5,baseline_a_problem2_plan,problem2_plan,37440,328704,0.22390906504336341,True
case_052,5,direct_affinity,direct_affinity,37440,328704,0.22390906504336341,False
case_052,5,adaptive_partition_l2,adaptive_partition,39702,947520,0.13851072360786937,False
case_053,1,baseline_a_problem2_plan,problem2_plan,1428109,5405536,0.6248708378144704,True
case_053,2,baseline_a_problem2_plan,problem2_plan,706748,3301878,0.2327534817580276,True
case_053,3,baseline_a_problem2_plan,problem2_plan,481790,5284428,0.2908759552372806,True
case_053,4,baseline_a_problem2_plan,problem2_plan,366396,7937666,0.37124916036488914,True
case_053,5,baseline_a_problem2_plan,problem2_plan,312207,9621590,0.2836476920553045,True
case_054,1,baseline_a_problem2_plan,problem2_plan,815051,0,0.0,True
case_054,2,baseline_a_problem2_plan,problem2_plan,417051,1585830,0.08416156830530627,True
case_054,3,baseline_a_problem2_plan,problem2_plan,279743,3301068,0.15327967324091768,True
case_054,4,baseline_a_problem2_plan,problem2_plan,216160,3843858,0.2189088144302868,True
case_054,5,baseline_a_problem2_plan,problem2_plan,173981,4629558,0.27637115276596574,True
case_055,1,baseline_a_problem2_plan,problem2_plan,118835,69632,0.10014324257468461,True
case_055,2,baseline_a_problem2_plan,problem2_plan,52976,203272,0.1022001419446416,True
case_055,2,direct_affinity,direct_affinity,52971,91656,0.11022558422261246,True
case_055,2,private_cache_affinity,private_cache_affinity,52528,122376,0.1078936929789766,True
case_055,2,l2_scatter_0,l2_scatter,54964,186888,0.0850740600075959,False
case_055,2,l2_scatter_1,l2_scatter,57968,207384,0.14638162910554725,False
case_055,2,fifo_reuse_reorder,reuse_window_reorder,53195,203272,0.1022001419446416,False
case_055,2,adaptive_partition_l2,adaptive_partition,55957,284260,0.2644442786845597,False
case_055,3,baseline_a_problem2_plan,problem2_plan,35752,377944,0.26949845014997204,True
case_055,3,direct_affinity,direct_affinity,36915,324700,0.30690629397673197,False
case_055,3,private_cache_affinity,private_cache_affinity,34987,286816,0.22086920667076007,True
case_055,3,l2_scatter_0,l2_scatter,38464,328280,0.22953622192261258,False
case_055,3,l2_scatter_1,l2_scatter,38116,266832,0.2072932707384542,False
case_055,3,fifo_reuse_reorder,reuse_window_reorder,35752,377944,0.2983732840946119,False
case_055,3,adaptive_partition_l2,adaptive_partition,37452,551100,0.39925222688963685,False
case_055,4,baseline_a_problem2_plan,problem2_plan,29075,645836,0.3406607556445529,True
case_055,4,direct_affinity,direct_affinity,29113,619212,0.4233017442337203,False
case_055,4,private_cache_affinity,private_cache_affinity,29113,590532,0.4209755654277636,False
case_055,4,l2_scatter_0,l2_scatter,31144,645836,0.379540775982607,False
case_055,4,l2_scatter_1,l2_scatter,28803,621264,0.37317803771943037,True
case_055,4,fifo_reuse_reorder,reuse_window_reorder,29075,645836,0.379540775982607,False
case_055,4,adaptive_partition_l2,adaptive_partition,29775,669916,0.42079431739725826,False
case_055,5,baseline_a_problem2_plan,problem2_plan,25709,215040,0.11814466441148903,True
case_055,5,direct_affinity,direct_affinity,24866,189952,0.212798721010637,True
case_055,5,private_cache_affinity,private_cache_affinity,25757,173568,0.21716087380827265,False
case_055,5,l2_scatter_0,l2_scatter,34143,215040,0.196704776313974,False
case_055,5,l2_scatter_1,l2_scatter,31565,90624,0.0957789578900932,False
case_055,5,fifo_reuse_reorder,reuse_window_reorder,26350,215040,0.17356303792409472,False
case_055,5,adaptive_partition_l2,adaptive_partition,25975,867600,0.42348133992486564,False
case_056,1,baseline_a_problem2_plan,problem2_plan,277285,0,0.0,True
case_056,2,baseline_a_problem2_plan,problem2_plan,142482,424494,0.1057742485388255,True
case_056,2,direct_affinity,direct_affinity,145117,385062,0.08740761927608573,False
case_056,2,private_cache_affinity,private_cache_affinity,155981,429478,0.07991261000676965,False
case_056,2,l2_scatter_0,l2_scatter,160164,438830,0.11595484686901832,False
case_056,2,fifo_reuse_reorder,reuse_window_reorder,160347,424494,0.11356717923740607,False
case_056,2,adaptive_partition_l2,adaptive_partition,145695,487034,0.15902751676524698,False
case_056,3,baseline_a_problem2_plan,problem2_plan,94766,587880,0.3061546751793948,True
case_056,3,direct_affinity,direct_affinity,99115,710896,0.3340507898127286,False
case_056,3,private_cache_affinity,private_cache_affinity,100435,696816,0.34151138268199616,False
case_056,3,l2_scatter_0,l2_scatter,97157,587880,0.27472306349076425,False
case_056,3,l2_scatter_1,l2_scatter,98661,619112,0.3024448573009724,False
case_056,3,adaptive_partition_l2,adaptive_partition,99634,696304,0.3420529370590385,False
case_056,4,baseline_a_problem2_plan,problem2_plan,74535,1277590,0.3434331872934723,True
case_056,4,direct_affinity,direct_affinity,75266,1273502,0.34931206414660143,False
case_056,4,private_cache_affinity,private_cache_affinity,74989,1301658,0.3639212624071422,False
case_056,4,l2_scatter_0,l2_scatter,96935,1277470,0.35253171116558757,False
case_056,4,l2_scatter_1,l2_scatter,97156,1281182,0.34992032740885265,False
case_056,4,fifo_reuse_reorder,reuse_window_reorder,92480,1277590,0.34892928830472947,False
case_056,4,adaptive_partition_l2,adaptive_partition,75445,1301658,0.3650236555188555,False
case_056,5,baseline_a_problem2_plan,problem2_plan,61947,1148046,0.48651438495140037,True
case_056,5,direct_affinity,direct_affinity,65819,1174602,0.5014668449419478,False
case_056,5,private_cache_affinity,private_cache_affinity,66953,1208576,0.467939896082011,False
case_056,5,l2_scatter_0,l2_scatter,86615,1114822,0.42877526591508014,False
case_056,5,l2_scatter_1,l2_scatter,85971,1137158,0.42444230640144986,False
case_056,5,fifo_reuse_reorder,reuse_window_reorder,84197,1148046,0.4604624272334996,False
case_056,5,adaptive_partition_l2,adaptive_partition,69490,1754182,0.4087015755052522,False
case_057,1,baseline_a_problem2_plan,problem2_plan,59726,94216,0.21868152274837513,True
case_057,2,baseline_a_problem2_plan,problem2_plan,31206,14112,0.03941830624465355,True
case_057,2,direct_affinity,direct_affinity,31327,14120,0.040239062001003696,False
case_057,2,l2_scatter_0,l2_scatter,30016,14112,0.040239520958083835,True
case_057,2,l2_scatter_1,l2_scatter,34335,26408,0.07272887556750562,False
case_057,2,fifo_reuse_reorder,reuse_window_reorder,31096,14112,0.040239520958083835,False
case_057,2,adaptive_partition_l2,adaptive_partition,31688,194420,0.36600460293126114,False
case_057,3,baseline_a_problem2_plan,problem2_plan,21429,251588,0.42485768694876047,True
case_057,3,direct_affinity,direct_affinity,21599,267980,0.4404763088384918,False
case_057,3,private_cache_affinity,private_cache_affinity,21599,284368,0.45527054496176556,False
case_057,3,l2_scatter_0,l2_scatter,20714,237764,0.41098834389860134,True
case_057,3,l2_scatter_1,l2_scatter,20798,247492,0.42081682361618555,False
case_057,3,fifo_reuse_reorder,reuse_window_reorder,21429,251588,0.42485768694876047,False
case_057,3,adaptive_partition_l2,adaptive_partition,22226,259788,0.42503552937935296,False
case_057,4,baseline_a_problem2_plan,problem2_plan,16406,241120,0.39843918004925255,True
case_057,4,direct_affinity,direct_affinity,16621,241120,0.39843918004925255,False
case_057,4,private_cache_affinity,private_cache_affinity,16464,220340,0.3925547723650076,False
case_057,4,l2_scatter_0,l2_scatter,15866,227296,0.4000383798036944,True
case_057,4,l2_scatter_1,l2_scatter,17768,228824,0.4016671155781744,False
case_057,4,fifo_reuse_reorder,reuse_window_reorder,16406,241120,0.4144219763449065,False
case_057,4,adaptive_partition_l2,adaptive_partition,17609,415020,0.5426223777156871,False
case_057,5,baseline_a_problem2_plan,problem2_plan,14028,14400,0.0016410817463844917,True
case_057,5,direct_affinity,direct_affinity,16538,28224,0.0015788954310713462,False
case_057,5,l2_scatter_0,l2_scatter,14028,14400,0.0016410817463844917,False
case_057,5,l2_scatter_1,l2_scatter,14028,14112,0.0008212147134302823,True
case_057,5,fifo_reuse_reorder,reuse_window_reorder,14028,14400,0.0016410817463844917,False
case_057,5,adaptive_partition_l2,adaptive_partition,14436,456068,0.5437530242420711,False
case_058,1,baseline_a_problem2_plan,problem2_plan,4539717,28696576,0.0,True
case_058,2,baseline_a_problem2_plan,problem2_plan,2195580,19181568,0.25571638346968745,True
case_058,3,baseline_a_problem2_plan,problem2_plan,1461951,16662528,0.0,True
case_058,4,baseline_a_problem2_plan,problem2_plan,1095352,31772672,0.5201363464209064,True
case_058,5,baseline_a_problem2_plan,problem2_plan,876945,20807680,0.2849099099099099,True
case_059,1,baseline_a_problem2_plan,problem2_plan,815938,1691648,0.6100443131462334,True
case_059,2,baseline_a_problem2_plan,problem2_plan,369318,360448,0.0,True
case_059,2,adaptive_partition_l2,adaptive_partition,369318,360448,0.0,False
case_059,3,baseline_a_problem2_plan,problem2_plan,246806,2531328,0.6051373954599761,True
case_059,3,private_cache_affinity,private_cache_affinity,247557,1785856,0.5228310502283106,False
case_059,3,l2_scatter_0,l2_scatter,247552,2514944,0.5766467065868264,False
case_059,3,l2_scatter_1,l2_scatter,247552,2531328,0.6039426523297491,False
case_059,3,fifo_reuse_reorder,reuse_window_reorder,246806,2531328,0.514336917562724,False
case_059,4,baseline_a_problem2_plan,problem2_plan,185216,1081344,0.0,True
case_059,4,adaptive_partition_l2,adaptive_partition,185216,1081344,0.0,False
case_059,5,baseline_a_problem2_plan,problem2_plan,149026,5160960,0.7053445850914205,True
case_059,5,private_cache_affinity,private_cache_affinity,151569,3289088,0.6129363449691991,False
case_059,5,l2_scatter_0,l2_scatter,149026,5152768,0.6794510907811401,True
case_059,5,l2_scatter_1,l2_scatter,149952,5081088,0.7068658840270367,False
case_059,5,fifo_reuse_reorder,reuse_window_reorder,149026,5160960,0.6863572433192686,False
case_060,1,baseline_a_problem2_plan,problem2_plan,887801,2068520,0.4231432279268349,True
case_060,2,baseline_a_problem2_plan,problem2_plan,430180,2281952,0.41318111884512215,True
case_060,2,direct_affinity,direct_affinity,433542,2003428,0.3260826559475024,False
case_060,2,private_cache_affinity,private_cache_affinity,435288,1937864,0.34861264748038684,False
case_060,2,l2_scatter_0,l2_scatter,435193,2220480,0.4483715273635469,False
case_060,2,l2_scatter_1,l2_scatter,437751,2220480,0.4501025628888974,False
case_060,2,fifo_reuse_reorder,reuse_window_reorder,435193,2232768,0.44573184876458216,False
case_060,2,adaptive_partition_l2,adaptive_partition,434142,1937868,0.3513319894129093,False
case_060,3,baseline_a_problem2_plan,problem2_plan,289089,3793744,0.5059101045755002,True
case_060,3,private_cache_affinity,private_cache_affinity,290853,3242812,0.49492707317346607,False
case_060,3,l2_scatter_0,l2_scatter,293481,3758916,0.5366406649971124,False
case_060,3,l2_scatter_1,l2_scatter,293481,3752772,0.5345034586327162,False
case_060,3,fifo_reuse_reorder,reuse_window_reorder,292627,3752772,0.530108811829614,False
case_060,3,adaptive_partition_l2,adaptive_partition,292734,3711808,0.5281011253378792,False
case_060,4,baseline_a_problem2_plan,problem2_plan,217330,4131824,0.47948737747289366,True
case_060,4,private_cache_affinity,private_cache_affinity,221238,3869500,0.5129238183741285,False
case_060,4,l2_scatter_0,l2_scatter,219908,4082672,0.5226758529968833,False
case_060,4,l2_scatter_1,l2_scatter,219901,4008944,0.5091672056295363,False
case_060,4,fifo_reuse_reorder,reuse_window_reorder,220748,4107248,0.5250424413574705,False
case_060,4,adaptive_partition_l2,adaptive_partition,221987,3996296,0.5212283183257281,False
case_060,5,baseline_a_problem2_plan,problem2_plan,174614,5717140,0.5864340904237383,True
case_060,5,private_cache_affinity,private_cache_affinity,178741,5614748,0.5896284691619157,False
case_060,5,l2_scatter_0,l2_scatter,179678,5729424,0.6057238265551556,False
case_060,5,l2_scatter_1,l2_scatter,179716,5710992,0.6052078314099087,False
case_060,5,fifo_reuse_reorder,reuse_window_reorder,179773,5692560,0.6129341935036482,False
case_060,5,adaptive_partition_l2,adaptive_partition,179416,5794984,0.6117552621713532,False
case_061,1,baseline_a_problem2_plan,problem2_plan,77191,0,0.0,True
case_061,2,baseline_a_problem2_plan,problem2_plan,37922,74752,0.05772584233629312,True
case_061,2,private_cache_affinity,private_cache_affinity,37922,74752,0.05772584233629312,False
case_061,2,l2_scatter_0,l2_scatter,37922,74752,0.05772584233629312,False
case_061,2,adaptive_partition_l2,adaptive_partition,38698,183552,0.05291750626251738,False
case_061,3,baseline_a_problem2_plan,problem2_plan,25831,169984,0.0842059097637191,True
case_061,3,direct_affinity,direct_affinity,26146,168192,0.08506850233828632,False
case_061,3,private_cache_affinity,private_cache_affinity,26146,168192,0.08506850233828632,False
case_061,3,l2_scatter_0,l2_scatter,27093,175872,0.08331274219696376,False
case_061,3,l2_scatter_1,l2_scatter,27485,175872,0.08157706006786035,False
case_061,3,fifo_reuse_reorder,reuse_window_reorder,25831,169984,0.0842059097637191,False
case_061,3,adaptive_partition_l2,adaptive_partition,25919,188928,0.08374499552823812,False
case_061,4,baseline_a_problem2_plan,problem2_plan,20877,163328,0.12885906040268458,True
case_061,4,private_cache_affinity,private_cache_affinity,22492,145920,0.09738319477252508,False
case_061,4,l2_scatter_0,l2_scatter,23554,182016,0.12164809778635553,False
case_061,4,l2_scatter_1,l2_scatter,22530,182016,0.12164809778635553,False
case_061,5,baseline_a_problem2_plan,problem2_plan,17680,237056,0.12680974614509358,True
case_061,5,private_cache_affinity,private_cache_affinity,17680,237056,0.108873431273086,False
case_061,5,l2_scatter_0,l2_scatter,20164,252544,0.13168362041932344,False
case_061,5,l2_scatter_1,l2_scatter,20163,262144,0.12996758412110615,False
case_062,1,baseline_a_problem2_plan,problem2_plan,2854809,0,0.0,True
case_062,2,baseline_a_problem2_plan,problem2_plan,1433656,104448,0.0,True
case_062,3,baseline_a_problem2_plan,problem2_plan,955835,4521984,0.0,True
case_062,4,baseline_a_problem2_plan,problem2_plan,716538,5062656,0.0,True
case_062,5,baseline_a_problem2_plan,problem2_plan,575377,4580352,0.0,True
case_063,1,baseline_a_problem2_plan,problem2_plan,1070397,0,0.0,True
case_063,2,baseline_a_problem2_plan,problem2_plan,536776,1167360,0.0,True
case_063,2,direct_affinity,direct_affinity,536776,1241088,0.0,False
case_063,2,private_cache_affinity,private_cache_affinity,536776,1241088,0.0,False
case_063,2,l2_scatter_0,l2_scatter,536776,1167360,0.0,False
case_063,3,baseline_a_problem2_plan,problem2_plan,358955,1711104,0.0,True
case_063,3,direct_affinity,direct_affinity,358967,1489920,0.0,False
case_063,3,private_cache_affinity,private_cache_affinity,358967,1489920,0.0,False
case_063,3,l2_scatter_0,l2_scatter,358955,1711104,0.0,False
case_063,4,baseline_a_problem2_plan,problem2_plan,270126,1628160,0.0,True
case_063,4,private_cache_affinity,private_cache_affinity,270126,1628160,0.0,False
case_063,5,baseline_a_problem2_plan,problem2_plan,217873,1665024,0.0,True
case_063,5,private_cache_affinity,private_cache_affinity,217873,1665024,0.0,False
case_064,1,baseline_a_problem2_plan,problem2_plan,19116,0,0.0,True
case_064,2,baseline_a_problem2_plan,problem2_plan,11243,40806,0.19769087283720332,True
case_064,2,direct_affinity,direct_affinity,11791,48198,0.1746046173423014,False
case_064,2,private_cache_affinity,private_cache_affinity,12435,48198,0.19011694843361812,False
case_064,2,l2_scatter_0,l2_scatter,12326,40806,0.13182607577024508,False
case_064,2,l2_scatter_1,l2_scatter,13157,47270,0.2019959958745374,False
case_064,2,adaptive_partition_l2,adaptive_partition,12192,59430,0.14228184191523635,False
case_064,3,baseline_a_problem2_plan,problem2_plan,9669,78572,0.26709854822547946,True
case_064,3,direct_affinity,direct_affinity,10319,83596,0.30295129133044124,False
case_064,3,private_cache_affinity,private_cache_affinity,9971,83596,0.30295129133044124,False
case_064,3,l2_scatter_0,l2_scatter,12651,77996,0.28639042052204366,False
case_064,3,l2_scatter_1,l2_scatter,11674,75436,0.2828415940649633,False
case_064,3,fifo_reuse_reorder,reuse_window_reorder,12962,78572,0.31482301400508006,False
case_064,4,baseline_a_problem2_plan,problem2_plan,7121,95826,0.23693891047367116,True
case_064,4,direct_affinity,direct_affinity,7982,98992,0.22769900063614537,False
case_064,4,l2_scatter_0,l2_scatter,8553,93842,0.3472280378527762,False
case_064,4,l2_scatter_1,l2_scatter,11068,93074,0.3710685049547609,False
case_064,4,fifo_reuse_reorder,reuse_window_reorder,8047,95826,0.3533314044804497,False
case_064,4,adaptive_partition_l2,adaptive_partition,8765,117042,0.2609663896998278,False
case_064,5,baseline_a_problem2_plan,problem2_plan,7132,95922,0.24237918215613383,True
case_064,5,direct_affinity,direct_affinity,7155,99860,0.22966761323009663,False
case_064,5,l2_scatter_0,l2_scatter,9293,96566,0.28490676233782486,False
case_064,5,l2_scatter_1,l2_scatter,10799,89174,0.2191619892964365,False
case_064,5,fifo_reuse_reorder,reuse_window_reorder,7780,95922,0.31904171829822386,False
case_064,5,adaptive_partition_l2,adaptive_partition,8407,118166,0.3775207041259702,False
case_065,1,baseline_a_problem2_plan,problem2_plan,53068,0,0.0,True
case_065,2,baseline_a_problem2_plan,problem2_plan,22364,69288,0.12847851464784035,True
case_065,2,direct_affinity,direct_affinity,23645,69288,0.11567068764244816,False
case_065,2,private_cache_affinity,private_cache_affinity,23645,69288,0.11567068764244816,False
case_065,2,l2_scatter_0,l2_scatter,22364,69288,0.12847851464784035,False
case_065,2,l2_scatter_1,l2_scatter,22956,64168,0.14006257167351394,False
case_065,2,fifo_reuse_reorder,reuse_window_reorder,22364,69288,0.12847851464784035,False
case_065,2,adaptive_partition_l2,adaptive_partition,23078,139952,0.1315170875776023,False
case_065,3,baseline_a_problem2_plan,problem2_plan,16678,115016,0.1948554722967782,True
case_065,3,private_cache_affinity,private_cache_affinity,16704,115016,0.1948554722967782,False
case_065,3,l2_scatter_0,l2_scatter,16056,115016,0.1948554722967782,True
case_065,3,l2_scatter_1,l2_scatter,16956,93504,0.17143065480530845,False
case_065,3,fifo_reuse_reorder,reuse_window_reorder,16678,115016,0.1948554722967782,False
case_065,3,adaptive_partition_l2,adaptive_partition,18290,210264,0.21911758236924295,False
case_065,4,baseline_a_problem2_plan,problem2_plan,13650,174040,0.16800688461787594,True
case_065,4,direct_affinity,direct_affinity,14138,198632,0.21277787992610298,False
case_065,4,l2_scatter_0,l2_scatter,13691,174040,0.16800688461787594,False
case_065,4,l2_scatter_1,l2_scatter,14540,165840,0.16280254296440227,False
case_065,4,fifo_reuse_reorder,reuse_window_reorder,13978,174040,0.16800688461787594,False
case_065,4,adaptive_partition_l2,adaptive_partition,14146,219120,0.2062479298502519,False
case_065,5,baseline_a_problem2_plan,problem2_plan,11459,55872,0.06641319264775361,True
case_065,5,direct_affinity,direct_affinity,11459,55872,0.06641319264775361,False
case_065,5,adaptive_partition_l2,adaptive_partition,11672,293392,0.23625300821868048,False
case_066,1,baseline_a_problem2_plan,problem2_plan,359070,0,0.0,True
case_066,2,baseline_a_problem2_plan,problem2_plan,179561,1349172,0.18627756565105588,True
case_066,2,direct_affinity,direct_affinity,180190,1330420,0.18506412833343097,False
case_066,2,private_cache_affinity,private_cache_affinity,184646,1216052,0.2133384359194481,False
case_066,2,l2_scatter_0,l2_scatter,194310,1348916,0.2599744232748199,False
case_066,2,l2_scatter_1,l2_scatter,201524,1385780,0.26894940574300386,False
case_066,2,fifo_reuse_reorder,reuse_window_reorder,193011,1349172,0.2783718658027082,False
case_066,2,adaptive_partition_l2,adaptive_partition,180949,1212980,0.21350803571613416,False
case_066,3,baseline_a_problem2_plan,problem2_plan,124067,2007220,0.3035273948661239,True
case_066,3,direct_affinity,direct_affinity,125996,2086330,0.34959499059389226,False
case_066,3,private_cache_affinity,private_cache_affinity,126678,2045592,0.3357399337159279,False
case_066,3,l2_scatter_0,l2_scatter,136533,1995444,0.2913431241055786,False
case_066,3,l2_scatter_1,l2_scatter,139740,1964724,0.31065704760092144,False
case_066,3,fifo_reuse_reorder,reuse_window_reorder,131769,2007220,0.30418199902127147,False
case_066,3,adaptive_partition_l2,adaptive_partition,126809,2154040,0.2576850517753425,False
case_066,4,baseline_a_problem2_plan,problem2_plan,98034,2404816,0.2900126957257723,True
case_066,4,direct_affinity,direct_affinity,98361,2404816,0.28967414303851036,False
case_066,4,private_cache_affinity,private_cache_affinity,99109,2358768,0.2544110939332311,False
case_066,4,l2_scatter_0,l2_scatter,108233,2380368,0.3510403414885452,False
case_066,4,l2_scatter_1,l2_scatter,117038,2380624,0.35460501259244875,False
case_066,4,fifo_reuse_reorder,reuse_window_reorder,99612,2404816,0.34959202916304727,False
case_066,4,adaptive_partition_l2,adaptive_partition,99484,2403200,0.3822509926283023,False
case_066,5,baseline_a_problem2_plan,problem2_plan,83516,2643850,0.31645854012090424,True
case_066,5,direct_affinity,direct_affinity,84418,2540920,0.275750310716406,False
case_066,5,private_cache_affinity,private_cache_affinity,85068,2541368,0.3041544847345944,False
case_066,5,l2_scatter_0,l2_scatter,109909,2693514,0.29972231996429927,False
case_066,5,l2_scatter_1,l2_scatter,109967,2667274,0.32769510134838487,False
case_066,5,fifo_reuse_reorder,reuse_window_reorder,102490,2643850,0.25082025253414036,False
case_066,5,adaptive_partition_l2,adaptive_partition,87677,2631914,0.2451164260288205,False
case_067,1,baseline_a_problem2_plan,problem2_plan,63834834,264449408,0.0,True
case_067,2,baseline_a_problem2_plan,problem2_plan,32073211,249803136,0.23574475298461814,True
case_067,2,private_cache_affinity,private_cache_affinity,33640445,250635136,0.21680299803515957,False
case_067,2,l2_scatter_0,l2_scatter,33475785,250991488,0.2147689887215638,False
case_067,2,adaptive_partition_l2,adaptive_partition,33701783,201936256,0.42306857680198273,False
case_067,3,baseline_a_problem2_plan,problem2_plan,21635717,198630144,0.38990776799053845,True
case_067,3,direct_affinity,direct_affinity,21637751,198341376,0.39047130862754703,False
case_067,3,private_cache_affinity,private_cache_affinity,25536250,198242048,0.2971261228355416,False
case_067,3,l2_scatter_0,l2_scatter,24116977,202443008,0.3468553166166967,False
case_067,3,l2_scatter_1,l2_scatter,24116977,202443008,0.3468553166166967,False
case_067,3,adaptive_partition_l2,adaptive_partition,24615870,213203968,0.5497735100272033,False
case_067,4,baseline_a_problem2_plan,problem2_plan,15424725,208759936,0.9302795401721213,True
case_067,4,direct_affinity,direct_affinity,15400935,207017088,0.9226518082231189,True
case_067,4,private_cache_affinity,private_cache_affinity,17484241,209707136,0.8997335889551459,False
case_067,4,l2_scatter_0,l2_scatter,17943508,212943488,0.8695001846608396,False
case_067,4,l2_scatter_1,l2_scatter,17943508,212943488,0.8695001846608396,False
case_067,4,adaptive_partition_l2,adaptive_partition,18280747,213065984,0.8723251924171093,False
case_067,5,baseline_a_problem2_plan,problem2_plan,12386590,209565184,0.9155842085022965,True
case_067,5,direct_affinity,direct_affinity,12335508,208819712,0.9223248969650498,True
case_067,5,private_cache_affinity,private_cache_affinity,15496040,210731520,0.8857076727087022,False
case_067,5,l2_scatter_0,l2_scatter,14930753,212985344,0.8640770309906313,False
case_067,5,l2_scatter_1,l2_scatter,14930753,212985344,0.8640770309906313,False
case_067,5,fifo_reuse_reorder,reuse_window_reorder,14930753,212987392,0.8640727795610077,False
case_067,5,adaptive_partition_l2,adaptive_partition,14930605,214137088,0.8813806416401255,False
case_068,1,baseline_a_problem2_plan,problem2_plan,362095,0,0.0,True
case_068,2,baseline_a_problem2_plan,problem2_plan,184997,1653422,0.20273960452185733,True
case_068,2,private_cache_affinity,private_cache_affinity,188330,1622318,0.2111638377866659,False
case_068,2,l2_scatter_0,l2_scatter,184997,1653422,0.20120879854653162,False
case_068,2,l2_scatter_1,l2_scatter,185114,1610414,0.2022926463176479,False
case_068,2,adaptive_partition_l2,adaptive_partition,186010,1638702,0.18774722287344683,False
case_068,3,baseline_a_problem2_plan,problem2_plan,129465,2305940,0.13265825276368687,True
case_068,3,direct_affinity,direct_affinity,136309,2257498,0.33409080749869335,False
case_068,3,private_cache_affinity,private_cache_affinity,136633,2261594,0.31231830895895757,False
case_068,3,l2_scatter_0,l2_scatter,154929,2344980,0.28631806569941415,False
case_068,3,l2_scatter_1,l2_scatter,155580,2377748,0.22253110872809723,False
case_068,3,fifo_reuse_reorder,reuse_window_reorder,154928,2305940,0.3115821318311257,False
case_068,3,adaptive_partition_l2,adaptive_partition,132394,2420988,0.26093276268983084,False
case_068,4,baseline_a_problem2_plan,problem2_plan,100735,2762406,0.057100739568214584,True
case_068,4,private_cache_affinity,private_cache_affinity,101242,2777126,0.056659382997607935,False
case_068,4,l2_scatter_0,l2_scatter,107449,2805542,0.0846645620888794,False
case_068,4,l2_scatter_1,l2_scatter,117591,2849190,0.12784008245624467,False
case_068,4,fifo_reuse_reorder,reuse_window_reorder,100735,2762406,0.057100739568214584,False
case_068,4,adaptive_partition_l2,adaptive_partition,105051,2924528,0.13351860759548434,False
case_068,5,baseline_a_problem2_plan,problem2_plan,94416,2564776,0.02522134224528987,True
case_068,5,direct_affinity,direct_affinity,104702,2620564,0.03788705559346331,False
case_068,5,private_cache_affinity,private_cache_affinity,107545,2773590,0.1349673924573175,False
case_068,5,l2_scatter_0,l2_scatter,106597,2593708,0.06140720202712057,False
case_068,5,l2_scatter_1,l2_scatter,112203,2668332,0.11603134518589797,False
case_068,5,fifo_reuse_reorder,reuse_window_reorder,103576,2564776,0.07114366985014858,False
case_068,5,adaptive_partition_l2,adaptive_partition,104962,3109054,0.13988049291077956,False
case_069,1,baseline_a_problem2_plan,problem2_plan,25144,0,0.0,True
case_069,2,baseline_a_problem2_plan,problem2_plan,13246,161990,0.13788357979314472,True
case_069,2,private_cache_affinity,private_cache_affinity,13516,161990,0.1969655526113343,False
case_069,2,l2_scatter_0,l2_scatter,13629,157382,0.0904295206040842,False
case_069,3,baseline_a_problem2_plan,problem2_plan,10109,292394,0.32627456849246733,True
case_069,3,private_cache_affinity,private_cache_affinity,10495,264554,0.28970430107526884,False
case_069,3,l2_scatter_0,l2_scatter,10495,273770,0.28496929267259635,False
case_069,4,baseline_a_problem2_plan,problem2_plan,9082,403598,0.4059923536391202,True
case_069,4,direct_affinity,direct_affinity,9962,374478,0.2605674798676168,False
case_069,4,private_cache_affinity,private_cache_affinity,9709,374478,0.2593027153871941,False
case_069,4,l2_scatter_0,l2_scatter,9634,354830,0.3744898299618554,False
case_069,4,fifo_reuse_reorder,reuse_window_reorder,9655,403598,0.4176748572645499,False
case_069,4,adaptive_partition_l2,adaptive_partition,9870,374478,0.2388342083418678,False
case_069,5,baseline_a_problem2_plan,problem2_plan,8582,360498,0.3582784901734627,True
case_069,5,direct_affinity,direct_affinity,8665,360754,0.3348178961408903,False
case_069,5,l2_scatter_0,l2_scatter,9115,360498,0.2825610059479386,False
case_069,5,l2_scatter_1,l2_scatter,8725,353778,0.4335027973164334,False
case_069,5,adaptive_partition_l2,adaptive_partition,9108,376402,0.41048413300119135,False
case_070,1,baseline_a_problem2_plan,problem2_plan,117300,0,0.0,True
case_070,2,baseline_a_problem2_plan,problem2_plan,55586,180752,0.2129933138864664,True
case_070,2,direct_affinity,direct_affinity,56204,180752,0.2129933138864664,False
case_070,2,private_cache_affinity,private_cache_affinity,56204,180752,0.2129933138864664,False
case_070,2,l2_scatter_0,l2_scatter,56290,180752,0.17193436181196683,False
case_070,2,l2_scatter_1,l2_scatter,55962,174608,0.211015748799747,False
case_070,2,adaptive_partition_l2,adaptive_partition,58959,231968,0.29141277417997113,False
case_070,3,baseline_a_problem2_plan,problem2_plan,34853,418836,0.29487803005093816,True
case_070,3,direct_affinity,direct_affinity,36303,560152,0.3010521606995035,False
case_070,3,private_cache_affinity,private_cache_affinity,36858,517156,0.3766386989118428,False
case_070,3,l2_scatter_0,l2_scatter,34691,435220,0.29623790393895755,True
case_070,3,l2_scatter_1,l2_scatter,35219,443412,0.2638259794187584,False
case_070,3,fifo_reuse_reorder,reuse_window_reorder,34853,418836,0.29487803005093816,False
case_070,3,adaptive_partition_l2,adaptive_partition,36858,551972,0.3748376288068299,False
case_070,4,baseline_a_problem2_plan,problem2_plan,28654,563472,0.3443258823503703,True
case_070,4,direct_affinity,direct_affinity,28693,563472,0.3443258823503703,False
case_070,4,private_cache_affinity,private_cache_affinity,28693,563472,0.35943034835111765,False
case_070,4,l2_scatter_0,l2_scatter,29906,567568,0.3400975046139395,False
case_070,4,l2_scatter_1,l2_scatter,29358,579856,0.3378092770522286,False
case_070,4,fifo_reuse_reorder,reuse_window_reorder,28693,563472,0.35943034835111765,False
case_070,5,baseline_a_problem2_plan,problem2_plan,24408,743956,0.2920058946240263,True
case_070,5,direct_affinity,direct_affinity,25141,760344,0.29936072747810494,False
case_070,5,private_cache_affinity,private_cache_affinity,25102,741912,0.3385193204498623,False
case_070,5,l2_scatter_0,l2_scatter,25436,705044,0.32826608393957235,False
case_070,5,l2_scatter_1,l2_scatter,24908,719380,0.32763777336139954,False
case_070,5,fifo_reuse_reorder,reuse_window_reorder,24356,743956,0.3091538917915447,True
case_070,5,adaptive_partition_l2,adaptive_partition,25332,749080,0.2747120816312552,False
case_071,1,baseline_a_problem2_plan,problem2_plan,18919,0,0.0,True
case_071,2,baseline_a_problem2_plan,problem2_plan,10395,119846,0.22544824978607392,True
case_071,2,direct_affinity,direct_affinity,10664,149542,0.21945217599675582,False
case_071,2,l2_scatter_0,l2_scatter,10850,138470,0.0511516004488484,False
case_071,2,l2_scatter_1,l2_scatter,11111,129254,0.24000538430475166,False
case_071,2,fifo_reuse_reorder,reuse_window_reorder,10559,119846,0.042048914449463695,False
case_071,3,baseline_a_problem2_plan,problem2_plan,8020,243978,0.18269494971698633,True
case_071,3,l2_scatter_1,l2_scatter,9195,220170,0.29774617971561745,False
case_071,4,baseline_a_problem2_plan,problem2_plan,7702,263694,0.35666343143821855,True
case_071,4,l2_scatter_0,l2_scatter,7702,263694,0.35666343143821855,False
case_071,4,l2_scatter_1,l2_scatter,8329,253038,0.18247822565749278,False
case_071,4,adaptive_partition_l2,adaptive_partition,7424,240366,0.361831274247348,True
case_071,5,baseline_a_problem2_plan,problem2_plan,7027,297042,0.24957562595172122,True
case_071,5,direct_affinity,direct_affinity,6965,284178,0.3909386106210529,True
case_071,5,l2_scatter_0,l2_scatter,7930,313554,0.2414109137747393,False
case_071,5,l2_scatter_1,l2_scatter,8114,300592,0.2923059359282538,False
case_071,5,fifo_reuse_reorder,reuse_window_reorder,6841,297042,0.2714496118225617,True
case_072,1,baseline_a_problem2_plan,problem2_plan,23890756,108613680,0.026210198484652728,True
case_072,2,baseline_a_problem2_plan,problem2_plan,11973525,148672560,0.11844209930733761,True
case_072,3,baseline_a_problem2_plan,problem2_plan,8144722,219517292,0.12487127350381463,True
case_072,4,baseline_a_problem2_plan,problem2_plan,6236802,150450224,0.20229084974678055,True
case_072,5,baseline_a_problem2_plan,problem2_plan,4765197,130777776,0.3053433229119721,True
case_073,1,baseline_a_problem2_plan,problem2_plan,10081626,141570432,0.0,True
case_073,2,baseline_a_problem2_plan,problem2_plan,5505050,100529024,0.09340268867086483,True
case_073,2,private_cache_affinity,private_cache_affinity,5935395,102097280,0.06710998337562342,False
case_073,2,l2_scatter_0,l2_scatter,6135859,105884544,0.06410743696946662,False
case_073,2,adaptive_partition_l2,adaptive_partition,6135859,105876352,0.06410984359675838,False
case_073,3,baseline_a_problem2_plan,problem2_plan,3826011,132847872,0.24703704854354308,True
case_073,3,direct_affinity,direct_affinity,3839747,129783552,0.21526538810006826,False
case_073,3,private_cache_affinity,private_cache_affinity,6993788,139430912,0.05266620296618726,False
case_073,3,l2_scatter_0,l2_scatter,7287415,141072384,0.0723220333115257,False
case_073,3,fifo_reuse_reorder,reuse_window_reorder,7183045,142712064,0.07316752054081524,False
case_073,3,adaptive_partition_l2,adaptive_partition,4135568,108783872,0.2630664780828272,False
case_073,4,baseline_a_problem2_plan,problem2_plan,3076967,97942144,0.26125526133518034,True
case_073,4,private_cache_affinity,private_cache_affinity,3732492,100333696,0.25504339550629745,False
case_073,4,l2_scatter_0,l2_scatter,3605215,99325568,0.2620853199184092,False
case_073,4,l2_scatter_1,l2_scatter,3611041,99325568,0.25055248964472976,False
case_073,4,fifo_reuse_reorder,reuse_window_reorder,3605215,99326080,0.26208466397701446,False
case_073,4,adaptive_partition_l2,adaptive_partition,3513013,100003968,0.2642351718513804,False
case_073,5,baseline_a_problem2_plan,problem2_plan,2771404,101126144,0.2063128850875888,True
case_073,5,private_cache_affinity,private_cache_affinity,3374984,103399424,0.24178132877693082,False
case_073,5,l2_scatter_0,l2_scatter,3151067,102960128,0.1417681140157442,False
case_073,5,l2_scatter_1,l2_scatter,3151067,102960128,0.1417681140157442,False
case_073,5,fifo_reuse_reorder,reuse_window_reorder,3109904,102961152,0.1847635779697901,False
case_073,5,adaptive_partition_l2,adaptive_partition,2951697,103172096,0.2692360102018052,False
case_074,1,baseline_a_problem2_plan,problem2_plan,1678120,6070280,0.16680485013829857,True
case_074,2,baseline_a_problem2_plan,problem2_plan,831632,7200768,0.2104076252874656,True
case_074,2,direct_affinity,direct_affinity,831632,7200768,0.2104076252874656,False
case_074,2,adaptive_partition_l2,adaptive_partition,851248,11751832,0.24783676417225514,False
case_074,3,baseline_a_problem2_plan,problem2_plan,553308,7868428,0.38023116957570824,True
case_074,3,direct_affinity,direct_affinity,565493,7667716,0.40157389081853334,False
case_074,3,l2_scatter_0,l2_scatter,558194,7868428,0.3872659738231774,False
case_074,3,fifo_reuse_reorder,reuse_window_reorder,558046,7868428,0.3886729346726712,False
case_074,3,adaptive_partition_l2,adaptive_partition,565939,9261268,0.16412011594973863,False
case_074,4,baseline_a_problem2_plan,problem2_plan,421733,7303220,0.5423193494052104,True
case_074,4,direct_affinity,direct_affinity,415062,7626802,0.5330330146973992,True
case_074,4,private_cache_affinity,private_cache_affinity,430085,6262822,0.5029719888803476,False
case_074,4,l2_scatter_0,l2_scatter,476756,7581748,0.42578570737043264,False
case_074,4,l2_scatter_1,l2_scatter,430025,7614516,0.4990650887422978,False
case_074,4,fifo_reuse_reorder,reuse_window_reorder,422964,7630900,0.5720132309040541,False
case_074,4,adaptive_partition_l2,adaptive_partition,427695,15417824,0.3861637472966044,False
case_074,5,baseline_a_problem2_plan,problem2_plan,343554,7983104,0.3187036337847077,True
case_074,5,direct_affinity,direct_affinity,347381,9486336,0.44410049346777986,False
case_074,5,private_cache_affinity,private_cache_affinity,348423,6193152,0.42851170467922367,False
case_074,5,l2_scatter_0,l2_scatter,355939,8105984,0.40261897307978445,False
case_074,5,l2_scatter_1,l2_scatter,355979,8118272,0.38911767218100535,False
case_074,5,adaptive_partition_l2,adaptive_partition,352757,13275680,0.3321663080029817,False
case_075,1,baseline_a_problem2_plan,problem2_plan,1441809,0,0.0,True
case_075,2,baseline_a_problem2_plan,problem2_plan,724065,2777222,0.12980929755082776,True
case_075,2,private_cache_affinity,private_cache_affinity,747369,2476038,0.16122268947456345,False
case_075,2,l2_scatter_0,l2_scatter,723990,2777222,0.12980929755082776,True
case_075,2,l2_scatter_1,l2_scatter,725334,2746630,0.13037357096006702,False
case_075,2,adaptive_partition_l2,adaptive_partition,742145,2480134,0.15119106923146175,False
case_075,3,baseline_a_problem2_plan,problem2_plan,482103,4925452,0.3232919048731055,True
case_075,3,direct_affinity,direct_affinity,481694,4966028,0.32209251580607007,True
case_075,3,private_cache_affinity,private_cache_affinity,480999,4941452,0.31995122970296785,True
case_075,3,l2_scatter_0,l2_scatter,533653,4925452,0.2731313021485222,False
case_075,3,adaptive_partition_l2,adaptive_partition,536976,4966028,0.3066363410553426,False
case_075,4,baseline_a_problem2_plan,problem2_plan,389014,4852784,0.45190341059104006,True
case_075,4,direct_affinity,direct_affinity,389818,4609710,0.4558650366135864,False
case_075,4,l2_scatter_0,l2_scatter,402029,4869424,0.44519567195794973,False
case_075,4,fifo_reuse_reorder,reuse_window_reorder,392516,4852784,0.45530793887964266,False
case_075,4,adaptive_partition_l2,adaptive_partition,394869,4869168,0.4510805872321182,False
case_075,5,baseline_a_problem2_plan,problem2_plan,322387,5507508,0.27006620234424417,True
case_075,5,direct_affinity,direct_affinity,323112,5507508,0.27278204587448956,False
case_075,5,private_cache_affinity,private_cache_affinity,326025,5547512,0.332832563631755,False
case_075,5,l2_scatter_0,l2_scatter,334979,5573172,0.286699842363923,False
case_075,5,l2_scatter_1,l2_scatter,358351,5704500,0.3094432049020478,False
case_075,5,fifo_reuse_reorder,reuse_window_reorder,323112,5507508,0.27278204587448956,False
case_075,5,adaptive_partition_l2,adaptive_partition,326227,5547512,0.3331118600230492,False
case_076,1,baseline_a_problem2_plan,problem2_plan,6183098,28280832,0.13357661937269952,True
case_076,2,baseline_a_problem2_plan,problem2_plan,3083890,15496196,0.28006906017347705,True
case_076,3,baseline_a_problem2_plan,problem2_plan,2050955,20953480,0.4192148274192159,True
case_076,4,baseline_a_problem2_plan,problem2_plan,1536520,25074700,0.5196220546911233,True
case_076,5,baseline_a_problem2_plan,problem2_plan,1227382,27101580,0.6133762152046061,True
case_077,1,baseline_a_problem2_plan,problem2_plan,495320,0,0.0,True
case_077,2,baseline_a_problem2_plan,problem2_plan,250514,1516588,0.11058955917863385,True
case_077,2,private_cache_affinity,private_cache_affinity,253314,1546476,0.10970123906837821,False
case_077,2,l2_scatter_0,l2_scatter,252846,1516588,0.11058955917863385,False
case_077,2,l2_scatter_1,l2_scatter,252652,1483820,0.10270071555176262,False
case_077,2,fifo_reuse_reorder,reuse_window_reorder,252846,1516588,0.11058955917863385,False
case_077,2,adaptive_partition_l2,adaptive_partition,253682,1374892,0.11126710564596418,False
case_077,3,baseline_a_problem2_plan,problem2_plan,172008,2407302,0.14655098316921175,True
case_077,3,direct_affinity,direct_affinity,175475,2090710,0.13404506617572112,False
case_077,3,private_cache_affinity,private_cache_affinity,180718,1984118,0.10887478330984057,False
case_077,3,l2_scatter_0,l2_scatter,179149,2407302,0.09830487689375794,False
case_077,3,l2_scatter_1,l2_scatter,177338,2407302,0.09840999062188457,False
case_077,3,fifo_reuse_reorder,reuse_window_reorder,179149,2407302,0.09830487689375794,False
case_077,3,adaptive_partition_l2,adaptive_partition,176514,2439124,0.12387529024767802,False
case_077,4,baseline_a_problem2_plan,problem2_plan,129072,2672898,0.08719872639792357,True
case_077,4,direct_affinity,direct_affinity,128889,2697438,0.11250551456960955,True
case_077,4,private_cache_affinity,private_cache_affinity,129172,2721310,0.1117455362245534,False
case_077,4,l2_scatter_0,l2_scatter,133365,2664706,0.14634081562401866,False
case_077,4,l2_scatter_1,l2_scatter,133365,2631938,0.14696780543830096,False
case_077,4,fifo_reuse_reorder,reuse_window_reorder,131433,2672898,0.11798577561043691,False
case_077,4,adaptive_partition_l2,adaptive_partition,129172,2721310,0.1129371520898015,False
case_077,5,baseline_a_problem2_plan,problem2_plan,107026,2854170,0.08823504270710823,True
case_077,5,direct_affinity,direct_affinity,107341,2889736,0.09415664351686692,False
case_077,5,private_cache_affinity,private_cache_affinity,108689,2958808,0.102908288557581,False
case_077,5,l2_scatter_0,l2_scatter,115259,2886938,0.15627668103342512,False
case_077,5,l2_scatter_1,l2_scatter,116929,2870554,0.13427836668130214,False
case_077,5,fifo_reuse_reorder,reuse_window_reorder,113064,2854170,0.1367431977107562,False
case_077,5,adaptive_partition_l2,adaptive_partition,109160,2817384,0.12219458334390944,False
case_078,1,baseline_a_problem2_plan,problem2_plan,2296143,12644568,0.0,True
case_078,2,baseline_a_problem2_plan,problem2_plan,1054712,3610752,0.18884818884818885,True
case_078,2,private_cache_affinity,private_cache_affinity,1055188,3788928,0.21171823568136933,False
case_078,3,baseline_a_problem2_plan,problem2_plan,702157,6705408,0.5310625960251771,True
case_078,3,direct_affinity,direct_affinity,699477,6177024,0.5006766637590435,True
case_078,3,private_cache_affinity,private_cache_affinity,708613,6427392,0.42108882159979816,False
case_078,3,l2_scatter_0,l2_scatter,709568,6702336,0.5311678976850246,False
case_078,3,fifo_reuse_reorder,reuse_window_reorder,709568,6705408,0.5310625960251771,False
case_078,3,adaptive_partition_l2,adaptive_partition,707501,6167808,0.5022430302407969,False
case_078,4,baseline_a_problem2_plan,problem2_plan,564504,6445440,0.0,True
case_078,5,baseline_a_problem2_plan,problem2_plan,459882,11899392,0.26040802213001385,True
case_078,5,direct_affinity,direct_affinity,430874,11493888,0.5075003124316556,True
case_078,5,private_cache_affinity,private_cache_affinity,466659,11490816,0.27171085523232197,False
case_078,5,l2_scatter_0,l2_scatter,459870,11896320,0.2869993237219883,False
case_078,5,l2_scatter_1,l2_scatter,459831,11893248,0.2870346173947797,False
case_078,5,adaptive_partition_l2,adaptive_partition,484132,11793408,0.19958059388214958,False
case_079,1,baseline_a_problem2_plan,problem2_plan,31052251,32448512,0.0,True
case_079,2,baseline_a_problem2_plan,problem2_plan,15121479,93573120,0.05137519460300986,True
case_079,3,baseline_a_problem2_plan,problem2_plan,10350887,211304448,0.020054347826086956,True
case_079,4,baseline_a_problem2_plan,problem2_plan,7635624,30445568,0.0,True
case_079,5,baseline_a_problem2_plan,problem2_plan,6074279,47542272,0.2361814831874712,True
case_080,1,baseline_a_problem2_plan,problem2_plan,291826,548864,0.1686143572621035,True
case_080,2,baseline_a_problem2_plan,problem2_plan,145224,1331200,0.24965893587994542,True
case_080,2,direct_affinity,direct_affinity,145224,1781760,0.34269005847953216,False
case_080,2,l2_scatter_0,l2_scatter,145224,1355776,0.19891745602165087,False
case_080,2,l2_scatter_1,l2_scatter,145224,1331200,0.19645293315143247,False
case_080,2,adaptive_partition_l2,adaptive_partition,145224,1781760,0.2807017543859649,False
case_080,3,baseline_a_problem2_plan,problem2_plan,97525,1376256,0.11715481171548117,True
case_080,3,direct_affinity,direct_affinity,97944,1376256,0.12552301255230125,False
case_080,3,l2_scatter_0,l2_scatter,98941,1376256,0.14783821478382148,False
case_080,3,l2_scatter_1,l2_scatter,99607,1388544,0.15416666666666667,False
case_080,4,baseline_a_problem2_plan,problem2_plan,74545,3362816,0.4439799331103679,True
case_080,4,direct_affinity,direct_affinity,74736,4263936,0.5185964912280702,False
case_080,4,l2_scatter_0,l2_scatter,74946,3334144,0.37363560033585225,False
case_080,4,l2_scatter_1,l2_scatter,76282,3362816,0.34364548494983277,False
case_080,4,adaptive_partition_l2,adaptive_partition,75787,4263936,0.38105263157894737,False
case_080,5,baseline_a_problem2_plan,problem2_plan,64117,3178496,0.361518550474547,True
case_080,5,direct_affinity,direct_affinity,69454,4980736,0.43947858472998136,False
case_080,5,l2_scatter_0,l2_scatter,64510,3194880,0.3015463917525773,False
case_080,5,l2_scatter_1,l2_scatter,65725,3207168,0.2869415807560137,False
case_080,5,fifo_reuse_reorder,reuse_window_reorder,65410,3178496,0.29508196721311475,False
case_080,5,adaptive_partition_l2,adaptive_partition,72476,4980736,0.4090626939788951,False
case_081,1,baseline_a_problem2_plan,problem2_plan,151795,0,0.0,True
case_081,2,baseline_a_problem2_plan,problem2_plan,76860,0,0.0,True
case_081,2,adaptive_partition_l2,adaptive_partition,76860,0,0.0,False
case_081,3,baseline_a_problem2_plan,problem2_plan,51943,0,0.0,True
case_081,3,adaptive_partition_l2,adaptive_partition,51943,0,0.0,False
case_081,4,baseline_a_problem2_plan,problem2_plan,39588,0,0.0,True
case_081,4,adaptive_partition_l2,adaptive_partition,39588,0,0.0,False
case_081,5,baseline_a_problem2_plan,problem2_plan,30943,0,0.0,True
case_081,5,adaptive_partition_l2,adaptive_partition,30943,0,0.0,False
case_082,1,baseline_a_problem2_plan,problem2_plan,721041,0,0.0,True
case_082,2,baseline_a_problem2_plan,problem2_plan,352197,847878,0.1875580907947732,True
case_082,2,direct_affinity,direct_affinity,352221,843782,0.1845143800008049,False
case_082,2,l2_scatter_0,l2_scatter,352221,847878,0.1875580907947732,False
case_082,3,baseline_a_problem2_plan,problem2_plan,228992,2185708,0.3114256054081787,True
case_082,3,direct_affinity,direct_affinity,230230,1919084,0.3141541746102982,False
case_082,3,private_cache_affinity,private_cache_affinity,232592,1959788,0.3074017714851481,False
case_082,3,l2_scatter_0,l2_scatter,239937,2185836,0.30590741888504863,False
case_082,3,l2_scatter_1,l2_scatter,239888,2144620,0.3039122491144238,False
case_082,3,fifo_reuse_reorder,reuse_window_reorder,240105,2185708,0.3036871866207271,False
case_082,3,adaptive_partition_l2,adaptive_partition,231913,1910380,0.3113483617293972,False
case_082,4,baseline_a_problem2_plan,problem2_plan,179694,3129874,0.374193971253439,True
case_082,4,direct_affinity,direct_affinity,180206,2953680,0.37268545007300385,False
case_082,4,private_cache_affinity,private_cache_affinity,180708,2952018,0.3647038637562899,False
case_082,4,l2_scatter_0,l2_scatter,190248,3113490,0.3627508144682984,False
case_082,4,l2_scatter_1,l2_scatter,191712,3088530,0.33788092708803535,False
case_082,4,fifo_reuse_reorder,reuse_window_reorder,190248,3129874,0.36708200170581073,False
case_082,4,adaptive_partition_l2,adaptive_partition,178367,2922962,0.37416797333361024,True
case_082,5,baseline_a_problem2_plan,problem2_plan,152405,3234934,0.40687573650672604,True
case_082,5,private_cache_affinity,private_cache_affinity,161808,3263990,0.38831648630435645,False
case_082,5,l2_scatter_0,l2_scatter,154172,3186038,0.3969655121824424,False
case_082,5,l2_scatter_1,l2_scatter,155059,3152886,0.41531169595478623,False
case_082,5,fifo_reuse_reorder,reuse_window_reorder,152533,3234934,0.419880621184091,False
case_082,5,adaptive_partition_l2,adaptive_partition,159286,3812408,0.39954734770047373,False
case_083,1,baseline_a_problem2_plan,problem2_plan,946145,13934688,0.7958684091545202,True
case_083,2,baseline_a_problem2_plan,problem2_plan,459544,6591072,0.7468979789529303,True
case_083,2,l2_scatter_0,l2_scatter,457895,6812256,0.7543735204382493,True
case_083,2,adaptive_partition_l2,adaptive_partition,466557,11333216,0.8545887133424226,False
case_083,3,baseline_a_problem2_plan,problem2_plan,302567,2678976,0.4001296956783547,True
case_083,3,l2_scatter_0,l2_scatter,295365,2673856,0.4004264589996755,True
case_083,4,baseline_a_problem2_plan,problem2_plan,239920,3986208,0.42765975312788646,True
case_083,4,private_cache_affinity,private_cache_affinity,239875,3949344,0.4126970744456623,True
case_083,4,l2_scatter_0,l2_scatter,223029,3983136,0.6052078958420831,True
case_083,4,adaptive_partition_l2,adaptive_partition,239875,3949344,0.4132029339853301,False
case_083,5,baseline_a_problem2_plan,problem2_plan,193143,5268864,0.28991419089848836,True
case_083,5,direct_affinity,direct_affinity,193159,5268864,0.2562441192876098,False
case_083,5,private_cache_affinity,private_cache_affinity,193159,5289344,0.17803573537599757,False
case_083,5,l2_scatter_0,l2_scatter,194611,5265792,0.3253399759917493,False
case_083,5,l2_scatter_1,l2_scatter,194636,5272960,0.2926933669762491,False
case_083,5,adaptive_partition_l2,adaptive_partition,193159,5289344,0.17803573537599757,False
case_084,1,baseline_a_problem2_plan,problem2_plan,2507412,0,0.0,True
case_084,2,baseline_a_problem2_plan,problem2_plan,1255052,0,0.0,True
case_084,2,adaptive_partition_l2,adaptive_partition,1255052,0,0.0,False
case_084,3,baseline_a_problem2_plan,problem2_plan,836220,0,0.0,True
case_084,3,adaptive_partition_l2,adaptive_partition,836220,0,0.0,False
case_084,4,baseline_a_problem2_plan,problem2_plan,629028,0,0.0,True
case_084,4,adaptive_partition_l2,adaptive_partition,629028,0,0.0,False
case_084,5,baseline_a_problem2_plan,problem2_plan,503472,0,0.0,True
case_084,5,adaptive_partition_l2,adaptive_partition,503472,0,0.0,False
case_085,1,baseline_a_problem2_plan,problem2_plan,3187899,0,0.0,True
case_085,2,baseline_a_problem2_plan,problem2_plan,1577629,2521478,0.18145105828792915,True
case_085,3,baseline_a_problem2_plan,problem2_plan,1065858,6678380,0.3393528633109975,True
case_085,4,baseline_a_problem2_plan,problem2_plan,825808,8756146,0.4001449980344192,True
case_085,5,baseline_a_problem2_plan,problem2_plan,634163,11658808,0.44042663557611755,True
case_086,1,baseline_a_problem2_plan,problem2_plan,118403,0,0.0,True
case_086,2,baseline_a_problem2_plan,problem2_plan,61621,584422,0.2023942200530341,True
case_086,2,direct_affinity,direct_affinity,62075,574822,0.24668928501904946,False
case_086,2,private_cache_affinity,private_cache_affinity,62175,593830,0.23082433537720054,False
case_086,2,l2_scatter_0,l2_scatter,63091,584422,0.2276924681713122,False
case_086,2,l2_scatter_1,l2_scatter,62681,582214,0.20270136525339388,False
case_086,2,adaptive_partition_l2,adaptive_partition,62175,593830,0.21817687776868985,False
case_086,3,baseline_a_problem2_plan,problem2_plan,44798,1034986,0.37531647572631177,True
case_086,3,private_cache_affinity,private_cache_affinity,45278,1002700,0.395356974090347,False
case_086,3,l2_scatter_0,l2_scatter,45326,1034986,0.3829118931577948,False
case_086,3,l2_scatter_1,l2_scatter,45326,1014154,0.38459509153409543,False
case_086,3,adaptive_partition_l2,adaptive_partition,45292,1008874,0.3930463682486674,False
case_086,4,baseline_a_problem2_plan,problem2_plan,36570,1373042,0.3189443945202646,True
case_086,4,direct_affinity,direct_affinity,36779,1235728,0.40788875839070016,False
case_086,4,private_cache_affinity,private_cache_affinity,36702,1323890,0.39498176205584173,False
case_086,4,l2_scatter_0,l2_scatter,39365,1377650,0.36225777100931167,False
case_086,4,l2_scatter_1,l2_scatter,39324,1349714,0.36576089439437154,False
case_086,4,fifo_reuse_reorder,reuse_window_reorder,39365,1373042,0.3924126739893586,False
case_086,4,adaptive_partition_l2,adaptive_partition,36702,1323890,0.39593158627240166,False
case_086,5,baseline_a_problem2_plan,problem2_plan,33078,1625846,0.3643119608127763,True
case_086,5,direct_affinity,direct_affinity,34852,1632980,0.3488864388092613,False
case_086,5,private_cache_affinity,private_cache_affinity,33912,1622772,0.394842462516402,False
case_086,5,l2_scatter_0,l2_scatter,37678,1553462,0.4374678707162193,False
case_086,5,l2_scatter_1,l2_scatter,37458,1555766,0.45397973392237373,False
case_086,5,fifo_reuse_reorder,reuse_window_reorder,36929,1625846,0.46937430800451985,False
case_086,5,adaptive_partition_l2,adaptive_partition,34405,1626740,0.34884118825433263,False
case_087,1,baseline_a_problem2_plan,problem2_plan,3969779,7902720,0.18336776784760794,True
case_087,2,baseline_a_problem2_plan,problem2_plan,2037975,25416412,0.11815321693869871,True
case_087,3,baseline_a_problem2_plan,problem2_plan,1355221,14417640,0.5100401341710125,True
case_087,4,baseline_a_problem2_plan,problem2_plan,1024007,18544964,0.517395705098942,True
case_087,5,baseline_a_problem2_plan,problem2_plan,811994,20694304,0.49147414471710016,True
case_088,1,baseline_a_problem2_plan,problem2_plan,243623,0,0.0,True
case_088,2,baseline_a_problem2_plan,problem2_plan,122025,1087690,0.16035407658034856,True
case_088,2,direct_affinity,direct_affinity,123115,1092938,0.17152112624150068,False
case_088,2,private_cache_affinity,private_cache_affinity,124634,1092934,0.17152125266450657,False
case_088,2,l2_scatter_0,l2_scatter,134179,1035722,0.15576799395005478,False
case_088,2,l2_scatter_1,l2_scatter,147127,952522,0.1403755805935645,False
case_088,2,fifo_reuse_reorder,reuse_window_reorder,128145,1087690,0.1671534801569706,False
case_088,2,adaptive_partition_l2,adaptive_partition,124634,1092934,0.17152125266450657,False
case_088,3,baseline_a_problem2_plan,problem2_plan,86565,1607178,0.1238079264209442,True
case_088,3,direct_affinity,direct_affinity,93262,1548298,0.3321055936166799,False
case_088,3,private_cache_affinity,private_cache_affinity,92134,1548298,0.3324290043875219,False
case_088,3,l2_scatter_0,l2_scatter,106678,1640010,0.17853619393004436,False
case_088,3,l2_scatter_1,l2_scatter,106731,1627466,0.19260695538793882,False
case_088,3,fifo_reuse_reorder,reuse_window_reorder,106687,1607178,0.13540541453932356,False
case_088,3,adaptive_partition_l2,adaptive_partition,89079,1869870,0.3012269360277346,False
case_088,4,baseline_a_problem2_plan,problem2_plan,69795,1900434,0.07350644568716537,True
case_088,4,private_cache_affinity,private_cache_affinity,69570,1900434,0.07350644568716537,True
case_088,4,l2_scatter_0,l2_scatter,77669,1949650,0.1017712969962858,False
case_088,4,l2_scatter_1,l2_scatter,85715,2011602,0.13720269474409985,False
case_088,5,baseline_a_problem2_plan,problem2_plan,66662,1750102,0.040542057992144456,True
case_088,5,direct_affinity,direct_affinity,71599,1982420,0.10604568537720366,False
case_088,5,private_cache_affinity,private_cache_affinity,71302,1982416,0.1060457456022035,False
case_088,5,l2_scatter_0,l2_scatter,72302,1799704,0.13213928549912646,False
case_088,5,l2_scatter_1,l2_scatter,76901,1892760,0.1750857313963464,False
case_088,5,fifo_reuse_reorder,reuse_window_reorder,71243,1750102,0.11489475866146201,False
case_089,1,baseline_a_problem2_plan,problem2_plan,693092,0,0.0,True
case_089,2,baseline_a_problem2_plan,problem2_plan,346432,238720,0.0,True
case_089,3,baseline_a_problem2_plan,problem2_plan,232474,960768,0.4052407851192514,True
case_089,3,private_cache_affinity,private_cache_affinity,232474,960768,0.4052407851192514,False
case_089,3,l2_scatter_0,l2_scatter,232474,957696,0.40579648040223976,True
case_089,4,baseline_a_problem2_plan,problem2_plan,173512,716160,0.0,True
case_089,5,baseline_a_problem2_plan,problem2_plan,138740,954880,0.0,True
case_090,1,baseline_a_problem2_plan,problem2_plan,1178363,21233592,0.0,True
case_090,2,baseline_a_problem2_plan,problem2_plan,481682,10507392,0.7245979980378932,True
case_090,2,private_cache_affinity,private_cache_affinity,508858,12750720,0.6285750019491151,False
case_090,2,l2_scatter_0,l2_scatter,481682,10506624,0.7246202133856577,True
case_090,2,adaptive_partition_l2,adaptive_partition,488446,11001984,0.7543184163963432,False
case_090,3,baseline_a_problem2_plan,problem2_plan,358069,12490752,0.6467343774844967,True
case_090,3,direct_affinity,direct_affinity,358181,12471552,0.6363235567105996,False
case_090,3,private_cache_affinity,private_cache_affinity,355090,12466944,0.6444016391268599,True
case_090,3,l2_scatter_0,l2_scatter,358069,12490368,0.6467429472484663,False
case_090,3,adaptive_partition_l2,adaptive_partition,358700,12466944,0.6342764501498555,False
case_090,4,baseline_a_problem2_plan,problem2_plan,290257,12990336,0.6018814347180249,True
case_090,4,direct_affinity,direct_affinity,300550,12975744,0.5870407025905142,False
case_090,4,private_cache_affinity,private_cache_affinity,296985,13506432,0.6414222175483744,False
case_090,4,l2_scatter_0,l2_scatter,282711,13488000,0.6146711243864955,True
case_090,4,adaptive_partition_l2,adaptive_partition,299187,13506432,0.6334794254466274,False
case_090,5,baseline_a_problem2_plan,problem2_plan,278768,12256896,0.4147169619222154,True
case_090,5,direct_affinity,direct_affinity,274558,12077184,0.4012267954698702,True
case_090,5,l2_scatter_0,l2_scatter,264896,12422784,0.5145664774785654,True
case_090,5,l2_scatter_1,l2_scatter,239822,12091008,0.5940320187909507,True
case_090,5,fifo_reuse_reorder,reuse_window_reorder,282794,12256896,0.4169161066992466,False
case_090,5,adaptive_partition_l2,adaptive_partition,276807,12279936,0.3952000678195999,False
case_091,1,baseline_a_problem2_plan,problem2_plan,9168820,53947008,0.10538579237748164,True
case_091,2,baseline_a_problem2_plan,problem2_plan,4543426,45687788,0.17310280149384633,True
case_091,3,baseline_a_problem2_plan,problem2_plan,3023633,55675944,0.294520002172639,True
case_091,4,baseline_a_problem2_plan,problem2_plan,2279902,55834308,0.3743927938272356,True
case_091,5,baseline_a_problem2_plan,problem2_plan,1876124,73487320,0.27540951329872193,True
case_092,1,baseline_a_problem2_plan,problem2_plan,4333631,66000096,0.7935495964003455,True
case_092,2,baseline_a_problem2_plan,problem2_plan,2219154,66503712,0.7769126434113983,True
case_092,3,baseline_a_problem2_plan,problem2_plan,1362606,6368448,0.07865614481802391,True
case_092,4,baseline_a_problem2_plan,problem2_plan,1222972,49115680,0.6730393630789745,True
case_092,5,baseline_a_problem2_plan,problem2_plan,917058,30787968,0.7799783630256995,True
case_093,1,baseline_a_problem2_plan,problem2_plan,74205,0,0.0,True
case_093,2,baseline_a_problem2_plan,problem2_plan,37827,8192,0.0,True
case_093,2,adaptive_partition_l2,adaptive_partition,37827,8192,0.0,False
case_093,3,baseline_a_problem2_plan,problem2_plan,25103,16384,0.0,True
case_093,3,adaptive_partition_l2,adaptive_partition,25103,16384,0.0,False
case_093,4,baseline_a_problem2_plan,problem2_plan,19779,24576,0.0,True
case_093,4,adaptive_partition_l2,adaptive_partition,19779,24576,0.0,False
case_093,5,baseline_a_problem2_plan,problem2_plan,15876,32768,0.0,True
case_093,5,adaptive_partition_l2,adaptive_partition,15876,32768,0.0,False
case_094,1,baseline_a_problem2_plan,problem2_plan,94892,0,0.0,True
case_094,2,baseline_a_problem2_plan,problem2_plan,44003,318244,0.07507754301317568,True
case_094,2,direct_affinity,direct_affinity,46918,253728,0.10656382037928663,False
case_094,2,private_cache_affinity,private_cache_affinity,47657,244516,0.14397443444621982,False
case_094,2,l2_scatter_0,l2_scatter,45991,318244,0.12258423689721906,False
case_094,2,l2_scatter_1,l2_scatter,47047,318244,0.12258423689721906,False
case_094,2,adaptive_partition_l2,adaptive_partition,45331,253732,0.12071300262539726,False
case_094,3,baseline_a_problem2_plan,problem2_plan,30061,433732,0.22112966445385956,True
case_094,3,direct_affinity,direct_affinity,33173,350784,0.2328904378131126,False
case_094,3,private_cache_affinity,private_cache_affinity,32475,350784,0.2328904378131126,False
case_094,3,l2_scatter_0,l2_scatter,31214,433732,0.21532954210752883,False
case_094,3,l2_scatter_1,l2_scatter,34572,378436,0.15662973334956776,False
case_094,3,fifo_reuse_reorder,reuse_window_reorder,31214,433732,0.21532954210752883,False
case_094,3,adaptive_partition_l2,adaptive_partition,30927,589380,0.1001515133991048,False
case_094,4,baseline_a_problem2_plan,problem2_plan,24044,489316,0.20050125313283207,True
case_094,4,direct_affinity,direct_affinity,24164,617316,0.23589291456633638,False
case_094,4,l2_scatter_0,l2_scatter,24044,489316,0.12501842842400118,False
case_094,4,l2_scatter_1,l2_scatter,24318,434016,0.14519615692554044,False
case_094,4,fifo_reuse_reorder,reuse_window_reorder,24044,489316,0.12501842842400118,False
case_094,4,adaptive_partition_l2,adaptive_partition,26760,643428,0.08696364679212301,False
case_094,5,baseline_a_problem2_plan,problem2_plan,21220,489312,0.17930511512477595,True
case_094,5,direct_affinity,direct_affinity,20712,489312,0.16937818833586102,True
case_094,5,private_cache_affinity,private_cache_affinity,20712,489312,0.16937818833586102,False
case_094,5,l2_scatter_0,l2_scatter,21874,489312,0.17930511512477595,False
case_094,5,l2_scatter_1,l2_scatter,24171,415296,0.21641259972283605,False
case_094,5,adaptive_partition_l2,adaptive_partition,27766,959620,0.11983979183142428,False
case_095,1,baseline_a_problem2_plan,problem2_plan,2084853,0,0.0,True
case_095,2,baseline_a_problem2_plan,problem2_plan,1042890,0,0.0,True
case_095,2,adaptive_partition_l2,adaptive_partition,1042890,0,0.0,False
case_095,3,baseline_a_problem2_plan,problem2_plan,695775,0,0.0,True
case_095,3,adaptive_partition_l2,adaptive_partition,695775,0,0.0,False
case_095,4,baseline_a_problem2_plan,problem2_plan,524422,0,0.0,True
case_095,4,adaptive_partition_l2,adaptive_partition,524422,0,0.0,False
case_095,5,baseline_a_problem2_plan,problem2_plan,420852,0,0.0,True
case_095,5,adaptive_partition_l2,adaptive_partition,420852,0,0.0,False
case_096,1,baseline_a_problem2_plan,problem2_plan,84194,0,0.0,True
case_096,2,baseline_a_problem2_plan,problem2_plan,41875,75608,0.264412851225792,True
case_096,2,direct_affinity,direct_affinity,49155,120680,0.3645594101293364,False
case_096,2,private_cache_affinity,private_cache_affinity,48919,128880,0.21144540539261503,False
case_096,2,l2_scatter_0,l2_scatter,53628,75608,0.264412851225792,False
case_096,2,l2_scatter_1,l2_scatter,54672,75608,0.264412851225792,False
case_096,2,fifo_reuse_reorder,reuse_window_reorder,53628,75608,0.264412851225792,False
case_096,2,adaptive_partition_l2,adaptive_partition,43503,122772,0.36341071073543674,False
case_096,3,baseline_a_problem2_plan,problem2_plan,27816,178800,0.45529666477653485,True
case_096,3,direct_affinity,direct_affinity,31713,215676,0.49529567031376387,False
case_096,3,private_cache_affinity,private_cache_affinity,31875,191100,0.4641484985912522,False
case_096,3,l2_scatter_0,l2_scatter,35367,178800,0.31277385432238775,False
case_096,3,l2_scatter_1,l2_scatter,36372,178800,0.31277385432238775,False
case_096,3,fifo_reuse_reorder,reuse_window_reorder,35367,178800,0.31277385432238775,False
case_096,3,adaptive_partition_l2,adaptive_partition,30367,198404,0.4776337473865453,False
case_096,4,baseline_a_problem2_plan,problem2_plan,22435,307996,0.58572022069244,True
case_096,4,direct_affinity,direct_affinity,27778,298320,0.335019547446985,False
case_096,4,private_cache_affinity,private_cache_affinity,27642,261456,0.22989423183630264,False
case_096,4,l2_scatter_0,l2_scatter,29911,307996,0.3335002892608512,False
case_096,4,l2_scatter_1,l2_scatter,30999,252700,0.24583197407624888,False
case_096,4,fifo_reuse_reorder,reuse_window_reorder,29911,307996,0.3335002892608512,False
case_096,4,adaptive_partition_l2,adaptive_partition,24120,336376,0.6046883756599711,False
case_096,5,baseline_a_problem2_plan,problem2_plan,18827,218780,0.35020397100948125,True
case_096,5,direct_affinity,direct_affinity,20046,150752,0.22555356207584384,False
case_096,5,private_cache_affinity,private_cache_affinity,20938,172704,0.2640996638074591,False
case_096,5,l2_scatter_0,l2_scatter,31808,165532,0.4209241966125278,False
case_096,5,l2_scatter_1,l2_scatter,19218,132772,0.18470463330654668,False
case_096,5,adaptive_partition_l2,adaptive_partition,22976,330920,0.42882239292002305,False
case_097,1,baseline_a_problem2_plan,problem2_plan,11491509,10584064,0.0,True
case_097,2,baseline_a_problem2_plan,problem2_plan,5248936,38486016,0.08414023372287145,True
case_097,2,private_cache_affinity,private_cache_affinity,5344075,39372800,0.07911366434140336,False
case_097,2,l2_scatter_0,l2_scatter,5252011,38494208,0.0761849132176235,False
case_097,2,l2_scatter_1,l2_scatter,5254000,38510592,0.08130420280186791,False
case_097,2,fifo_reuse_reorder,reuse_window_reorder,5252552,38486016,0.08013355592654424,False
case_097,2,adaptive_partition_l2,adaptive_partition,5252947,39282688,0.09822081403850841,False
case_097,3,baseline_a_problem2_plan,problem2_plan,3474603,43806720,0.26244405262444054,True
case_097,3,direct_affinity,direct_affinity,3518512,41590784,0.2756969867642918,False
case_097,3,private_cache_affinity,private_cache_affinity,3496218,38961152,0.18094648932879678,False
case_097,3,l2_scatter_0,l2_scatter,3482815,43905024,0.26127285037237646,False
case_097,3,l2_scatter_1,l2_scatter,3484985,43954176,0.2590312542281153,False
case_097,3,fifo_reuse_reorder,reuse_window_reorder,3486856,43978752,0.2605490938598864,False
case_097,3,adaptive_partition_l2,adaptive_partition,3538871,42176512,0.271710434903432,False
case_097,4,baseline_a_problem2_plan,problem2_plan,2580236,9043968,0.0,True
case_097,4,direct_affinity,direct_affinity,2592275,10907648,0.5775170775170775,False
case_097,4,private_cache_affinity,private_cache_affinity,2584940,10637312,0.5539806996381182,False
case_097,4,l2_scatter_0,l2_scatter,2584037,9099264,0.4203976078875061,False
case_097,4,adaptive_partition_l2,adaptive_partition,2598081,35426304,0.2461859643488036,False
case_097,5,baseline_a_problem2_plan,problem2_plan,2073115,44935168,0.2631204296900278,True
case_097,5,direct_affinity,direct_affinity,2073174,50524160,0.39036581346808746,False
case_097,5,l2_scatter_0,l2_scatter,2068622,44949504,0.2914618369987063,True
case_097,5,l2_scatter_1,l2_scatter,2067792,45019136,0.28936829866942254,True
case_097,5,fifo_reuse_reorder,reuse_window_reorder,2069598,44935168,0.28829353523587653,False
case_097,5,adaptive_partition_l2,adaptive_partition,2077941,49926144,0.3969351626466032,False
case_098,1,baseline_a_problem2_plan,problem2_plan,177430,0,0.0,True
case_098,2,baseline_a_problem2_plan,problem2_plan,89102,315548,0.3112271581693774,True
case_098,2,private_cache_affinity,private_cache_affinity,90935,315544,0.3112277724052182,False
case_098,2,l2_scatter_0,l2_scatter,90922,315548,0.3112271581693774,False
case_098,2,l2_scatter_1,l2_scatter,90922,315548,0.3112271581693774,False
case_098,2,fifo_reuse_reorder,reuse_window_reorder,90922,315548,0.3112271581693774,False
case_098,2,adaptive_partition_l2,adaptive_partition,90935,315544,0.3112277724052182,False
case_098,3,baseline_a_problem2_plan,problem2_plan,61115,442608,0.3879182742897229,True
case_098,3,direct_affinity,direct_affinity,66760,409824,0.3698059991477252,False
case_098,3,private_cache_affinity,private_cache_affinity,66780,372960,0.3481097538197168,False
case_098,3,l2_scatter_0,l2_scatter,70062,442608,0.3879182742897229,False
case_098,3,l2_scatter_1,l2_scatter,70825,426228,0.37899571003311333,False
case_098,3,fifo_reuse_reorder,reuse_window_reorder,70062,442608,0.3879182742897229,False
case_098,3,adaptive_partition_l2,adaptive_partition,66409,467212,0.39517992168104926,False
case_098,4,baseline_a_problem2_plan,problem2_plan,45978,700764,0.5008530556266634,True
case_098,4,direct_affinity,direct_affinity,50591,684368,0.49493818156560393,False
case_098,4,private_cache_affinity,private_cache_affinity,50498,516456,0.4197499033131365,False
case_098,4,l2_scatter_0,l2_scatter,52247,667996,0.4888770434066956,False
case_098,4,l2_scatter_1,l2_scatter,55593,635228,0.4763122240177169,False
case_098,4,fifo_reuse_reorder,reuse_window_reorder,52247,700764,0.5008530556266634,False
case_098,4,adaptive_partition_l2,adaptive_partition,50615,680296,0.48894413988465224,False
case_098,5,baseline_a_problem2_plan,problem2_plan,39193,438584,0.3857102627734657,True
case_098,5,direct_affinity,direct_affinity,46910,491820,0.41320564702559387,False
case_098,5,private_cache_affinity,private_cache_affinity,48413,549176,0.44019882399360993,False
case_098,5,l2_scatter_0,l2_scatter,58960,454968,0.3944413406851944,False
case_098,5,l2_scatter_1,l2_scatter,57535,454976,0.3944399719621628,False
case_098,5,fifo_reuse_reorder,reuse_window_reorder,57466,438584,0.3857102627734657,False
case_098,5,adaptive_partition_l2,adaptive_partition,44837,639352,0.4779129982140133,False
case_099,1,baseline_a_problem2_plan,problem2_plan,1618902,5484544,0.25235465023466686,True
case_099,2,baseline_a_problem2_plan,problem2_plan,800139,3109120,0.3453617410294827,True
case_099,2,private_cache_affinity,private_cache_affinity,800911,2814208,0.3479810287451196,False
case_099,2,l2_scatter_0,l2_scatter,800139,3109120,0.3315472713883034,False
case_099,2,l2_scatter_1,l2_scatter,799799,3092736,0.3383353290362029,True
case_099,2,fifo_reuse_reorder,reuse_window_reorder,800139,3109120,0.3315472713883034,False
case_099,3,baseline_a_problem2_plan,problem2_plan,535357,4926976,0.5121661721068249,True
case_099,3,direct_affinity,direct_affinity,535738,4921216,0.5117862609583005,False
case_099,3,private_cache_affinity,private_cache_affinity,535725,4822912,0.5292472333698164,False
case_099,3,l2_scatter_0,l2_scatter,535357,4926976,0.5038575667655787,False
case_099,3,l2_scatter_1,l2_scatter,535017,4976128,0.5068007096392667,True
case_099,3,fifo_reuse_reorder,reuse_window_reorder,535357,4926976,0.5038575667655787,False
case_099,3,adaptive_partition_l2,adaptive_partition,535738,4921216,0.5212857739227237,False
case_099,4,baseline_a_problem2_plan,problem2_plan,402163,6932480,0.5988407654443247,True
case_099,4,direct_affinity,direct_affinity,402812,7059456,0.6067680630229149,False
case_099,4,l2_scatter_0,l2_scatter,402163,6932480,0.5885882387207643,False
case_099,4,l2_scatter_1,l2_scatter,402005,6940672,0.593161647024589,True
case_099,4,fifo_reuse_reorder,reuse_window_reorder,402163,6932480,0.5885882387207643,False
case_099,4,adaptive_partition_l2,adaptive_partition,402812,7059456,0.5741065524280498,False
case_099,5,baseline_a_problem2_plan,problem2_plan,324021,8645888,0.6719250855393482,True
case_099,5,private_cache_affinity,private_cache_affinity,323117,8527360,0.6533694810224632,True
case_099,5,l2_scatter_0,l2_scatter,324021,8645888,0.6734617924245153,False
case_099,5,l2_scatter_1,l2_scatter,324209,8621312,0.6829631945362944,False
case_099,5,fifo_reuse_reorder,reuse_window_reorder,324021,8645888,0.6734617924245153,False
case_100,1,baseline_a_problem2_plan,problem2_plan,151223,0,0.0,True
case_100,2,baseline_a_problem2_plan,problem2_plan,68598,449164,0.38795261870946013,True
case_100,2,direct_affinity,direct_affinity,73398,516248,0.33498379525237115,False
case_100,2,private_cache_affinity,private_cache_affinity,75334,516248,0.33498379525237115,False
case_100,2,l2_scatter_0,l2_scatter,79096,490636,0.3828132788356096,False
case_100,2,l2_scatter_1,l2_scatter,75670,494992,0.3682279269751308,False
case_100,2,fifo_reuse_reorder,reuse_window_reorder,74428,449164,0.38795261870946013,False
case_100,2,adaptive_partition_l2,adaptive_partition,74312,516248,0.33498379525237115,False
case_100,3,baseline_a_problem2_plan,problem2_plan,44537,743880,0.48774421354771014,True
case_100,3,private_cache_affinity,private_cache_affinity,45339,610488,0.4156270782092829,False
case_100,3,l2_scatter_0,l2_scatter,47399,725448,0.4919393223319129,False
case_100,3,l2_scatter_1,l2_scatter,46463,688332,0.48718469599346875,False
case_100,3,fifo_reuse_reorder,reuse_window_reorder,45838,743880,0.48774421354771014,False
case_100,3,adaptive_partition_l2,adaptive_partition,46844,809408,0.53311418316836,False
case_100,4,baseline_a_problem2_plan,problem2_plan,35399,981228,0.40375341625581734,True
case_100,4,direct_affinity,direct_affinity,37702,1214184,0.46347049294675224,False
case_100,4,private_cache_affinity,private_cache_affinity,36656,986856,0.46830061293184383,False
case_100,4,l2_scatter_0,l2_scatter,38392,997356,0.3815310448009309,False
case_100,4,l2_scatter_1,l2_scatter,37940,1032432,0.39904892204165165,False
case_100,4,fifo_reuse_reorder,reuse_window_reorder,37953,981228,0.37313095843878374,False
case_100,4,adaptive_partition_l2,adaptive_partition,38547,1136116,0.5193011019088742,False
case_100,5,baseline_a_problem2_plan,problem2_plan,32608,1090056,0.38497516195566917,True
case_100,5,direct_affinity,direct_affinity,36166,1202952,0.5041274896334631,False
case_100,5,private_cache_affinity,private_cache_affinity,34293,1159948,0.5335516291317067,False
case_100,5,l2_scatter_0,l2_scatter,37806,1108488,0.48255888984202416,False
case_100,5,l2_scatter_1,l2_scatter,35537,1129228,0.4673934311249447,False
case_100,5,fifo_reuse_reorder,reuse_window_reorder,36461,1090056,0.48595568752226553,False
case_100,5,adaptive_partition_l2,adaptive_partition,34313,1293836,0.5545941671395157,False
